Название,User ID
Changellenge >> Cup Moscow 2021,95316
Changellenge >> Cup Moscow 2021,16101
Changellenge >> Cup Moscow 2021,94714
Changellenge >> Cup Moscow 2021,98411
Changellenge >> Cup Moscow 2021,86117
Changellenge >> Cup Moscow 2021,97238
Cup Construction 2021 от Changellenge >>,97238
Cup Construction 2021 от Changellenge >>,97560
Cup Construction 2021 от Changellenge >>,97224
Cup Construction 2021 от Changellenge >>,95808
Вебинар о навыках аналитика данных,2683
Продолжение регистрации на Hack&Change 2021,3
Стажер-аналитик в KION,85033
Бизнес-аналитик практикант,85033
Младший экономист/стажер,85033
Стажер в департамент продаж,85033
Стажер направления разработка отчетности,84908
Sberseasons,84908
Аналитик (Adhesive Technologies),84908
Procter & Gamble,2
Младший менеджер по работе с ключевыми клиентами / Junior KAM (Beauty Care),64922
JKAM/ Junior Key Account Manager/ Key Account Executive,64922
Карьерная конференция Total Modern Trade: Pandemic Edition,79208
Стажер/Младший консультант группы налогового консультирования финансового сектора,72184
Летняя стажировка в MSD,72184
Finance Automation Intern,72184
Стажер в сфере бизнес-аналитики в Департамент управления рисками,72184
Стажировка в планировании поставок и спроса,72184
Стажировка в исследовании рынка,72184
Стажировка в отделе продаж,72184
Стажировка в отделе исследования рынка и потребителей,72184
Marketing Controlling Intern (Finance Department),72184
Стажер в департамент аудита корпоративного сектора,72184
Бизнес аналитик,78503
Стажировка в Rambler Group,77296
Стажер-аналитик,77296
Sberseasons,77296
Стажер отдела финансового планирования и анализа,77296
Стажер по аналитике больших данных в МегаФоне,77296
Дистанционный аналитик,72760
Специалист по управлению категориями (food),72760
"Consultant, Internal Audit, Risk and Compliance Services Group",72760
"Стажировка в Mars для студентов, 9 направлений",72760
Стажер в отдел маркетинга,72760
Trade Marketing Intern,72760
Marketing Intern,72760
Аналитик,72760
Стажер в E-commerce,72760
Стажер в Digital Marketing,72760
Стажер в отделе исследования рынка потребителей,72760
Аналитик BI (MIS),72760
Mars Internship Experience Program (отдел маркетинга),72760
Интерн-аналитик в секторе розничной торговли,72760
Визуализатор,72760
Ассистент отдела маркетинга,72760
Стажер в отдел обучения и развития персонала,72760
"Интерн/Аналитик направления ""Applied Intelligence""",72760
Стажер в группу услуг в области чистых технологий и устойчивого развития,72760
Consultant/Intern in Human Resourcing consulting group,72760
Интерн/Аналитик в практику рынки капитала (технологический консалтинг),72760
Стажер в направление Digital маркетинг,72760
Стажер-аналитик,72760
Младший аналитик отдела продаж,72760
Mars Leadership Experience Program,72760
Intern in Market Research,72760
Intern/Analyst Accenture Strategy (Assessment Centre),72760
"Интерн/Аналитик (Retail, FMCG, Pharma, Automotive)",72760
Стажировка в отделе аналитики продаж,72760
Стажер в группу анализа данных и моделирования,72760
Стажер отдела маркетинга стран Украина и СНГ,72760
Стажер отдела маркетинга,72760
"Стажер отдела этики, рисков и соблюдения политик и процедур (compliance)",72760
Летняя стажировка в MSD,72760
Data Analyst,72760
Стажировка в исследовании рынка,72760
Стажер в отдел Data Analytics,72760
Стажировка в отделе исследования рынка и потребителей,72760
"Фриланс by Changellenge >>: работа для тех, кто не готов выходить на full-time",76622
Гарантированные призы для твоего развития от Changellenge >> и издательства МИФ,76622
Стажер в сфере IT-бизнес-аналитики в Департамент управления рисками,76520
IT Internship,76520
Стажер/Младший консультант группы управления финансами и казначейством (Consulting),76302
Стажер в Департамент управления рисками,76302
Accelerated Career Programme (летняя стажировка в управленческом консалтинге),76302
Стажер/Специалист в группу трансформации бизнеса (Business Transformation Oil&Gas Projects),76302
Практика в закупках и финансах,76302
Intern in Fraud Investigations Group (Forensic Department),76302
"Если вас не повышают, то вы уходите",2942
Координатор отдела бизнес операций (Beauty Care),26731
Начинающий специалист аудита,64922
"Работа в нефтегазе только для мужчин? Конечно, нет! Развей этот стереотип на курсе для девушек от «Шлюмберже». Разгляди себя в нефтегазе >>",65443
Самый масштабный День карьеры Changellenge >> Cup Russia,70787
Всероссийский кейс-чемпионат Audit Cup 2021,8695
Стажер в направление Digital маркетинг,70390
Mars Leadership Experience Program,70390
Младший аналитик отдела продаж,70390
ЛУКОЙЛ Оверсиз,64286
Татнефть,64286
Schlumberger,64286
Schneider Electric,64286
Aggreko,64286
Accelerated Career Programme (летняя стажировка в управленческом консалтинге),50972
Marketing Trainee (Laundry & Home Care),50972
Стажер в направление Digital маркетинг,50972
Шеф редактор,50972
Sustainability Communications Internship,50972
Consultant/Intern in Human Resourcing consulting group,50972
Senior HR Manager,50972
Consultant/Intern in Human Resourcing consulting group,50972
Associate Consultant,50972
Начинающий разработчик в группу по оказанию услуг в секторе недвижимости и строительства,2
Junior Design Leader,2
PowerPoint Challenge: сделать эффектную презентацию и не потратить вечность,70509
Младший специалист исследовательского центра в Департамент внутренней поддержки,66569
Сибур,3253
Procter & Gamble,3253
Bain and Company,3253
Стажер в департамент аудиторских услуг,64922
Стажер в группу стратегии управления капиталом и исследований рынков,64922
Интерн/консультант в Audit FS,64922
Младший юрист в группу по оказанию юридических услуг,65767
Стажер в отдел обучения и развития персонала,64922
Стажер в Академию бизнеса EY (административная поддержка),64922
Стажер/Младший аналитик в группу оценки бизнеса,64922
"Стажер/Специалист в отдел оказания консультационных услуг в сфере недвижимости, инфраструктуры",64922
Стажер в группу операционных рисков и устойчивого развития,64922
Стажер в группу услуг в области чистых технологий и устойчивого развития,64922
Стажер в группу трансформации бизнеса,64922
Стажер/Специалист в группу по сопровождению сделок (Финансовый сектор),64922
Специалист в группу обработки и анализа клиентских данных (CDHA),64922
Стажер в группу по оказанию услуг таможенного регулирования и международной торговли,64922
Стажер в группу повышения эффективности бизнеса в области финансов,64922
Стажер в группу оказания услуг в области бизнес-рисков,64922
Danone Dive Finance,57894
Старший специалист группы анализа внутренней достаточности капитала,57894
Стажер в группу трансформации бизнеса,57894
IT Product Management Internship,57894
Associate Consultant Intern,57894
Project Manager образовательных продуктов,57894
Разработка стратегии развития и лидерства крупнейшего частного банка страны,59008
Инженер-проектировщик по программе «Молодой специалист»,62284
Sustainability Communications Internship,61164
Инженер-проектировщик по программе «Молодой специалист»,60752
Стажер в Digital Marketing,60122
Начинающий специалист / Стажер группы управления строительными проектами,57673
Стажерская программа: Академия Стальных Возможностей. IT направления,56591
Стажер в отдел маркетинга Сбермаркет,57673
Стажер-аналитик,58099
Стажер в отдел управления торговым пространством (Коммерческая служба),37657
Стажер / специалист в группу оказания услуг организациям финансового сектора,16995
Бесплатный мастер-класс от создательницы курса «Бизнес-презентации в PowerPoint»,57794
Стажировка в команде SAP,57794
Бесплатный мастер-класс «Как стать бизнес-аналитиком и пройти отбор в компанию мечты»,57769
Marketing Intern,31465
Mars Internship Experience Program (отдел маркетинга),31465
Аналитик,57673
Инженер-проектировщик по программе «Молодой специалист»,45995
Как стать частью сильной FMCG-команды,2942
От студента до руководителя: пять основных видов найма,2942
Карьера в финансах,2942
Начинающий специалист / Стажер группы управления строительными проектами,56805
Карьера в консалтинге,2626
Примите участие в совместном IT-проекте МФТИ и «Роскосмоса»,2683
Бесплатный мастер-класс «Как стать бизнес-аналитиком и пройти отбор в компанию мечты»,2683
Начни год правильно на Школе Changellenge >>,2683
"Составьте резюме, которое принесет оффер на бесплатном вебинаре Школы Changellenge >>",2942
Онлайн-курс «Подготовка к GMAT»,2942
Бесплатный вебинар по решению бизнес-задач от Школы Changellenge >>,2942
Не бойся пробовать и получи крутую позицию на Дне Карьеры Changellenge >> Cup Moscow!,2942
Карьера в HR и рекрутменте,53935
Регистрируйся на кейс-чемпионат по решению стратегических бизнес-задач от P&G!,53935
Не бойся пробовать и получи крутую позицию на Дне Карьеры Changellenge >> Cup Moscow!,53935
Не бойся пробовать и получи крутую позицию на Дне Карьеры Changellenge >> Cup Moscow!,53935
Яндекс,3
"Зарегистрируйся, чтобы узнать как прокачивать IT-компетенции и оставаться конкурентоспособными!",3
Младший специалист в группу управления делами,3
Акция Changellenge >> и ЛитРес: скидка 30% на все курсы Toolkit и промокоды на бизнес-литературу,3
KPMG S&O Online Case Championship,3
Лидерская программа Unilever Future Leaders Programme (направление HR),52805
Ресечер в группу подбора персонала,52805
Стажер в группу кадрового делопроизводства,52917
Стажер/специалист в департамент налогового консультирования,52917
Ресечер в группу подбора персонала,52917
Стажировка Sberseasons,52917
Стажировки в отделе продаж,27382
Хочешь узнать больше о функционале Excel? Регистрируйся на бесплатный вебинар до 24 ноября!,45100
Стажировки в IT,6204
IT-department trainee,6204
KPMG Excel Tricks,2942
Хочешь узнать больше о функционале Excel? Регистрируйся на бесплатный вебинар до 24 ноября!,2942
PwC Financial Sector Intensive,2942
PwC Insight from Inside,2942
Стажер в PRGM,5453
Project Manager образовательных продуктов,47052
Решайся уже: как презентовать выводы на кейс-интервью,2942
Тест. Пройдете ли вы кейс-интервью?,2942
Карьера в менеджменте,2942
Шпаргалка по Excel для начинающих финансистов,2942
Как найти подход к любому человеку,2942
"Восемь советов, которые помогут привыкнуть к работе в офисе",2942
Storylining в PowerPoint: создаем историю презентации,2942
Три лайфхака по решению задач GMAT,2942
Регистрируйся на бесплатный вебинар по структурному мышлению до 19 ноября,2942
Как правильно уходить в отпуск и возвращаться из него,2942
Как студенты влияют на будущее голосовых помощников,2942
Карьера в предпринимательстве,2942
Все о работе в Mail.ru Group,2942
Как победить в RB Global Challenge и начать международную карьеру,2942
Changellenge >> Cup Moscow 2020,50241
Changellenge >> Cup Moscow 2020,34379
Продолжение регистрации на онлайн-хакатон hack&Change от Changellenge >>,45100
Школа аудита EY,3
Координатор по работе с ключевыми клиентами,3
Как студенты влияют на будущее голосовых помощников,3
Финал Ingosight,45432
Последние дни регистрации на Cup Moscow 2020!,2942
Крупнейшая ежегодная онлайн-конференция Unilever!,2942
"""Хотите узнать как оценить эффективность бизнеса по финансовой отчётности?"" Бесплатный вебинар",2942
"Программа найма в СИБУР ""Первый элемент"" для химиков",48573
Тест. Пройдете ли вы кейс-интервью?,46073
Решайся уже: как презентовать выводы на кейс-интервью,46073
"Как найти работу, на которую захочется ходить",46073
Стоит ли ехать учиться за границу,46073
Как правильно уходить в отпуск и возвращаться из него,46073
Как студенты влияют на будущее голосовых помощников,46073
Все о работе в Mail.ru Group,46073
Участник программы развития Future Makers,48279
Стажер-аналитик,45719
Аналитик,45719
Стажер в отдел практики стратегического консультирования EY-Parthenon,45719
Специалист исследовательского центра,45719
Стажер в отделе исследования рынка потребителей,45719
Координатор в отдел корпоративной стратегии,45719
Консультант в группу CIPS стратегического и операционного консалтинга,45719
Интерн-аналитик в департаменте стратегического консалтинга,45719
Management Trainee,45719
Координатор по подбору персонала,45369
Стажер в отдел персонала онлайн проектов,45369
Стажер в группу управления персоналом,45369
Лидерская программа (технические направления),44354
Junior Investment Advisor,34470
Специалист группы повышения эффективности бизнеса,33462
Стажер отдела финансового контроллинга,33462
Стажер в финансах,33462
"Стажер в группу актуарных расчетов, аудит",33462
Инженер-разработчик PL/SQL,33462
Лидерская программа Unilever Future Leaders Programme (направление Customer Development),33462
Лидерская программа Unilever Future Leaders Programme (направление Supply Chain),33462
Стажер в отделе исследования рынка потребителей,33462
Начинающий специалист аудита в банковском секторе,33462
Mars Internship Experience Program (отдел маркетинга),33462
Координатор отдела аналитики и отчетности,33462
Интерн-аналитик в секторе розничной торговли,33462
Интерн-аналитик в практику технологического консалтинга,33462
Стажер в группу по оказанию услуг в области внутреннего аудита и рисков,33462
Стажер в группу повышения эффективности бизнеса в области розничной торговли и электронной коммерции,33462
Стажер в департамент аудиторских услуг,33462
Интерн-аналитик в нефтегазовом секторе,41434
Последняя неделя регистрации на Supply Chain Cup 2020 от Changellenge >>,2
Подайте заявку и получите шанс попасть на стажировку в топовую компанию.,3
Продолжается набор на 15 направлений стажировки Sberseasons в 5 городах России.,3
"Регистрируйся в личном кабинете, чтобы бесплатно прочитать электронную версию",41297
"Креативная задача, погружение в страхование и шанс проявить себя — все это ждет тебя на INGOSight 2020",41297
Junior HR-manager,40214
Research аналитик,40214
Копирайтер,40214
Младший кредитный аналитик,40214
Стажер в группу консультирования по управлению персоналом,40214
Начинающий разработчик в группу по оказанию услуг в секторе недвижимости и строительства,40214
Стажер в группу оказания услуг организациям финансового сектора,40214
Стажер в группу консультирования по вопросам косвенного налогообложения,40214
Интерн-аналитик в секторе розничной торговли,40214
Стажер в группу по оказанию услуг в области внутреннего аудита и рисков,40214
"Регистрируйтесь на вебинар 6 октября ""Как превратить скучное полотно текста в интересную презентацию""",40365
Интерн-аналитик в секторе розничной торговли,2532
Интерн-аналитик в практику технологического консалтинга,2532
Начинающий специалист аудита,15320
Начинающий специалист / Стажер группы управления строительными проектами,15320
Лидерская программа Unilever Future Leaders Programme (направление Supply Chain),15320
Стажер в группу консультирования по управлению персоналом,15320
Стажер в группу повышения эффективности бизнеса в области розничной торговли и электронной коммерции,15320
Стажер направления по развитию цифровых технологий,15320
Product Owner образовательных продуктов,15320
Специалист по продажам,15320
Специалист по обслуживанию клиентов,15320
4 вакансий в отделе Project Management,15320
Junior HR-manager,15320
Консультант,15320
Младший аккаунт-менеджер,15320
Менеджер проектов,15320
Validation Manager,15320
Intern for Compliance Department,15320
Services Account Manager Intern (Consulting Sales),15320
Working Student Services Marketing MEE Job,15320
Консультант,15320
Старший специалист,15320
Quantitative Analyst,15320
Специалист по управлению категориями (food),15320
Project Manager образовательных продуктов,15320
Специалист по продажам (инвестиционные продукты),15320
Unilever Leadership Internship Programme,15320
Стажер в группу по работе с молодыми специалистами в Департамент по работе с персоналом,15320
Brand Manager,15320
HR-менеджер,15320
Менеджер по развитию продукта валютный контроль для малого бизнеса,15320
Менеджер проектов в команду качества,15320
Аналитик,21030
Решайте кейсы как CEO: классический подход консультантов,933
Введение в кейс-метод: что такое кейсы и зачем они нужны,933
Зрить в корень: как найти решение кейса с помощью Issue Tree,933
Стажер направления по развитию цифровых технологий,30596
Стажер в отделе исследования рынка потребителей,30596
"Регистрируйся в личном кабинете, чтобы бесплатно прочитать электронную версию",6204
Интерн-аналитик в нефтегазовом секторе,36308
Открыта регистрация на Supply Chain Cup 2020 от Changellenge >>,35646
Project Manager образовательных продуктов,1743
Research аналитик,1743
Аналитик,1743
Product Owner образовательных продуктов,1743
Разработчик IT-кейсов,1743
Selection аналитик,1743
Программа развития бизнес-лидеров UNIQLO Manager Candidate,33926
Стажер в IT,33926
С места в карьеру: как пройти отбор в крупные компании,2942
С завода в «Большую четверку»,2942
"Семь лучших книг, которые научат управлять своими эмоциями",2942
"10 приложений, которые помогут сконцентрироваться на работе",2942
Тест. Насколько у вас прокачан эмоциональный интеллект?,2942
Чисто гипотетически: как проверить свои предположения на кейс-интервью,2942
Зрить в корень: как найти решение кейса с помощью Issue Tree,2942
Какая информация нужна для решения кейса и где ее найти,2942
Кто такие зумеры и во что они превратят рынок труда,2942
Image recognition key user,33926
"Набор в магистратуру от МФТИ, бизнес-школы СКОЛКОВО и МТС",2942
KPMG Quiz for students,2942
"Вебинар от EY ""Audit for beginners""",2942
PwC Лаборатория аудита,2942
Стажер в отдел персонала онлайн проектов,33462
Начинающий специалист / Стажер группы управления строительными проектами,33462
Карьера в аналитике и big data,2942
Research аналитик,32599
Аналитик,32599
Стажер в IT,32569
Стажер в группу технической поддержки клиентов,32569
Консультант начального уровня департамента управления рисками,5467
Стажер департамента управления рисками,5467
Аналитик в группу проектного финансирования и инфраструктуры,5467
Специалист группы повышения эффективности бизнеса,5467
Финансовый аналитик в отдел поддержки маркетинга,5467
Финансовый аналитик по выручке,5467
Бизнес-аналитик в департамент управления рисками,5467
Стажер в группу финансового риск-менеджмента,5467
Первый онлайн-курс для будущих инженеров от Норникеля. Регистрация до 2 августа,2306
Консультант начального уровня в департамент управления рисками,31379
Intern in IT audit / IT advisory group,30831
"Магистратура «Цифровые технологии в бизнесе» от МФТИ, бизнес-школы СКОЛКОВО и МТС",445
Подача заявок на совместную магистратуру от МФТИ и бизнес-школы СКОЛКОВО,445
Аналитик,30689
Аналитик по стратегии,30689
Intern in Market Research,30507
Ассистент аудитора,30507
Специалист группы повышения эффективности бизнеса,2343
Мы запустили новый онлайн-курс по подготовке к GMAT!,29964
Хотите первым прочитать учебник Changellenge >> по решению кейсов?,29964
Стажер в E-commerce,27382
Стажер по коммуникациям,27382
Стажер по коммуникациям,29387
"Регистрируйся в личном кабинете, чтобы бесплатно прочитать электронную версию",29138
Чисто гипотетически: как проверить свои предположения на кейс-интервью,29038
Зрить в корень: как найти решение кейса с помощью Issue Tree,29038
Какая информация нужна для решения кейса и где ее найти,29038
Что такое кейс-интервью и зачем оно нужно,29038
Стажер в отдел персонала онлайн проектов,27382
Консультант по информационной безопасности,27382
Бизнес-аналитик в департамент управления рисками,27382
Специалист по инвестиционному анализу,27382
Стажер в управлении цепями поставок,27382
Стажер в отдел продаж,27382
Менеджер по развитию продукта Валютный контроль для малого бизнеса,28645
Специалист по планированию и контролю реализации проекта,27793
Стажер в финансовую дирекцию,27320
Стажер в дирекции по маркетингу (бренд М.Видео),27320
Стажер в управлении цепями поставок,27320
Открыта регистрация на оплачиваемую стражировку Nestlé,1823
Открыта регистрация на оплачиваемую стажировку в BCS Global Markets,1823
Научитесь быстро обрабатывать большие массивы данных. Регистрируйтесь на бесплатный вебинар 23 июня в 20:00,1823
Открыта регистрация на Летнюю академию аудита в Санкт-Петербурге от PwC,1823
Две вакансии в Москве,26769
Стажер направления по развитию цифровых технологий,26769
2 оплачиваемые стажировки: Бизнес-аналитика и E-commerce,26769
Консультант,26731
Консультант по интеграции,26731
Консультант поддержки портальных решений,26731
SAP Consulting Intern,26731
Консультант,26731
Разработчик IT-кейсов,26731
Стажер в отдел рекрутмента,26558
2 ВАКАНСИИ В МОСКВЕ,26558
Unilever Leadership Internship Programme,26558
"Стажировка в Mars для студентов, 9 направлений",26558
Talent Acquisition Specialist,26558
Стажер в отдел маркетинга,26558
Corporate Communications Intern,26558
Стажер (Logistic),26558
Стажер-аналитик,26558
Trade Marketing Intern,26558
Стажер Future Leaders Program,26558
Специалист по продажам и развитию территории,26558
Marketing Intern,26558
Стажер в управлении цепями поставок,26558
Junior Investment Advisor,26659
"Стажер, Группа по сопровождению корпоративных сделок (Финансовый сектор)",9243
Разработка стратегии повышения качества сервиса и увеличения объема продаж в магазинах ОБИ,1553
Открыта регистрация на Карьерную онлайн-конференцию Total Mоdern Trade от Changellenge >>,1553
Открыта регистрация на стажировку Mars Internship Experience Program в продажах,1553
Карьерный вебинар от эксперта Школы Changellenge >>,1553
Запуск нового препарата,3
Ответственность за здоровье прививается с детства,3
UNILEVER «ПЕРЕСМОТР ЦЕЛЕВОЙ АУДИТОРИИ И ПРИВЛЕЧЕНИЕ НОВЫХ СЕГМЕНТОВ»,1823
Ответственность за здоровье прививается с детства,80
Go Uber: Поиск новых эффективных каналов привлечения водителей,3
Последние дни регистрации на первый День Карьеры Changellenge >> в онлайн-формате,3
Оптимизация процессов 5,3
Оптимизация процессов 6,2
Аналитик в группу поддержки и аналитики прямых и корпоративных продаж,1226
Консультант - Направление РСБУ,21030
2 ВАКАНСИИ В МОСКВЕ,21030
Специалист по работе с клиентами,21030
Стажер в группу повышения эффективности бизнеса (Strategy&Transformation),21030
Стажер консалтинга в сфере информационных технологий,21030
Менеджер по развитию продукта валютный контроль для малого бизнеса,21030
Стажер,21030
Стажер,21030
4 вакансий в отделе Project Management,21030
Ускоренная программа стажировок от МТС,21030
Менеджер проектов,21030
Стажер в группу оказания услуг в области бизнес рисков,21030
Ассистент отдела маркетинга,21030
Стажер (Logistic),21030
Оптимизация процессов 6,3
Оптимизация процессов 2,3
Оптимизация процессов 2,2
Talent Coordinator,9098
Мы запустили новый онлайн-курс по подготовке к GMAT!,3942
Открыта регистрация на стажировку Tele2 Новые герои,21591
Открыта регистрация на карьерный вебинар от Школы Changellenge >>,18679
Открыт прием заявок на оплачиваемую стажировку Sberseasons,20471
Storylining в PowerPoint: создаем историю презентации,933
Удобные таск-менеджеры для удаленной работы,933
Регистрируйся на бесплатный вебинар в рамках онлайн-курсов Changellenge >> ToolKit,15726
Десять образовательных платформ для онлайн-обучения,18679
Регистрируйся на бесплатный вебинар в рамках онлайн-курсов Changellenge >> ToolKit,1490
Открыт прием заявок на День Карьеры Changellenge >> Cup Russia в онлайн-формате,15726
Project Manager,516
4 вакансий в отделе Project Management,516
Стажер по проектам развития бизнеса,516
Открыт набор заявок на оплачиваемую стажировку HeadStart,18679
"Регистрируйся в личном кабинете, чтобы бесплатно прочитать электронную версию",18100
Searching как искусство: где и как правильно искать информацию,4205
Регистрируйся на самый масштабный день карьеры в онлайн-формате!,2683
Начни работу в корпоративном и инвестиционном банкинге,2683
Закрывается прием заявок на курс «Разгляди себя в нефтегазе» от компании «Шлюмберже»,17715
Стажер (Logistic),17388
Финансовый аналитик по логистическим затратам,17388
Стажер в отдел закупок,17388
Закрывается прием заявок на курс «Разгляди себя в нефтегазе» от компании «Шлюмберже»,16978
"Чтобы заниматься стратегией профессионально, нужно принимать правильные решения для сложных задач",4205
Мастер-джедай: кто такой ментор и зачем он нужен,4205
Зачем консультанту Data Science,4906
Проджект менеджер,2683
Последние дни регистрации на первый День Карьеры Cup IT/Tech в онлайн-формате,2683
Открыта регистрация на обучение на онлайн-курсах Changellenge >> ToolKit за 990 р,15837
Закрывается прием заявок на вебинар по разбору кейса от Bain & Company,15837
"Intern, Transaction Services, Financial Services Sector",2942
"Intern, Corporate Risk Management",2942
"Младший консультант, Группа по оценке финансового сектора",2942
"Intern, Deal Strategy Group",2942
"Intern, Financial Risk Management Group (Modelling)",2942
"Intern (Financial Advisory Services, Management Consulting)",2942
Стажер/Младший консультант (практика по работе с клиентами энергетики и ЖКХ),2942
"Intern (Strategy and Operations, Management Consulting)",2942
Один дома: как работать на удаленке,4205
"Семь лучших книг, которые научат управлять своими эмоциями",4205
Как уйти в отпуск,2942
Почему вам нужен ментор,2942
Какие интересные и полезные книги почитать в праздники,2942
Один дома: как работать на удаленке,2942
Как провести каникулы с пользой для карьеры: 7 советов от экспертов Санофи и генерального директора Changellenge >>,2942
Вы должны постоянно быть на виду,2942
Как строить карьеру в компании: от трудоустройства до первого повышения.,2942
6 правил продуктивного конфликта,2942
Избавиться от «мертвых душ» в команде,2942
Как составить сопроводительное письмо: 11 полезных советов,2942
Что такое Problem Solving Test и как к нему подготовиться?,2942
VCV: что такое видеоинтервью и как к нему подготовиться,2942
Как продуктивно проводить выходные: 10 главных правил,2942
"5 TED-выступлений, которые необходимо посмотреть перед следующим собеседованием",2942
Финансы для неофитов: как перестать бояться и полюбить денежные потоки,2942
"Слайды, драконы и тайм-менеджмент: CFA Level I за 60 часов",2942
13 способов победить выгорание,2942
Что такое фит-интервью и как его пройти,2942
Как пройти PST-тестирование и его аналоги во время отбора,2942
GMAT: что почитать и посмотреть для подготовки,2942
Как впечатлить робота-рекрутера и построить карьеру в эпоху уберизации,2942
Путевка в консалтинг: секреты успешного кейс-интервью,2942
Как одеться на собеседование,2942
5 полезных функций Excel для финмоделирования,2942
Как визуализировать данные в Excel. Часть 1,2942
Как визуализировать данные в Excel. Часть 2,2942
"Как строить планы, которые сбудутся",2942
"Карьера в FMCG: Лидерство, SNICKERS и переговоры с Китаем",2942
Карьерные провалы выдающихся предпринимателей,2942
Как решать нестандартные задачи и строить диаграмму «Водопад» в Exсel,2942
Консалтинг или бизнес: что выбрать?,2942
Как построить личный бренд,2942
Как выжить в разных корпоративных культурах,2942
Почему ваши планы не сбудутся,2942
"8 техник переговоров, которые помогут добиться своего",2942
"В будущем пропадет приватность: интервью Леонида Ткаченко, директора департамента Big Data МТС",2942
Живи как СЕО: режим дня известных бизнесменов,2942
Пять главных источников стресса на работе,2942
Как новичку стать неформальным лидером,2942
Живи как CEO,2942
Как за месяц освоить Excel — самый востребованный инструмент для работы с данными,2942
Как все успеть: 6 методик тайм-менеджмента,2942
Как не переинвестировать в себя,2942
Как не сгореть на работе,2942
Кто зарабатывает по 3 миллиона в месяц,2942
"Лучше, чем маховик времени",2942
"5 челленджей, справиться с которыми поможет Excel",2942
Как стать топом: изучайте советы CFO Московской Биржи и выиграйте приглашение на деловой завтрак!,2942
Без манипуляций: как убеждать с помощью фактов,2942
Какой из ваших постов станет причиной отказа в работе,2942
Как получить максимальный балл за TalentQ test,2942
Как завалить отбор в Big3,2942
Заповеди деловой переписки,2942
Как жить и не тратить лишнего,2942
Четыре шага для адаптации на новой работе,2942
Как решать кейсы,2942
Отказы на собеседовании: как реагировать и какую пользу извлечь,2942
Ищем оптимальное решение задачи с неизвестными параметрами в Excel,2942
Скрытая угроза: как страхи мешают строить карьеру,2942
Подписать договор и не облажаться,2942
Уйти из McKinsey & Company и заняться попкорном: интервью с основательницей Holy Corn,2942
Наводим порядок на столе по методу Мари Кондо,2942
Не откладывать на потом: 5 способов борьбы с прокрастинацией,2942
Как найти работу мечты — инструкция по применению,2942
"Лень, эгоизм и A/B-тесты: как создавать цифровые продукты",2942
Как победить в McKinsey Business Diving,2942
Почему сильная мотивация может все испортить,2942
Топ-7 навыков будущего,2942
"Как одеться на собеседование, чтобы получить оффер",2942
Бизнес-аналитика и трудности перевода,2942
От студента Бауманки до менеджера в Danone,2942
5 главных ошибок стартапера,2942
Как с завода попасть в Big4,2942
Digital Assessment McKinsey: что это и как его пройти,2942
Десять образовательных платформ для онлайн-обучения,2942
Обучаемость как одна из главных лидерских компетенций 2020 года,2942
EQ vs IQ: что такое эмоциональный интеллект и как его развивать,2942
Не только Agile: как устроена модель Waterfall и в каких проектах ее использовать,2942
Почему о короткой рабочей неделе в России можно забыть,2942
"Быстрее, выше, успешнее: как спорт помогает строить карьеру",2942
Как спорить с максимальной пользой,2942
Дело не в тебе: почему кандидатов не берут на работу,2942
Зачем консультанту Data Science,2942
Как попасть в штат после стажировки: четыре совета,2942
Тест. Скоро ли вы утонете в инфопотоке?,2942
Team Assistant,9098
SMM Project Manager,9098
Event-менеджер,9098
Десять образовательных платформ для онлайн-обучения,8429
Открыт прием заявок на KPMG Foundation for Graduates 2020,2952
Заканчивается прием заявок на кейс-чемпионат Changellenge >> Cup IT,4078
Заканчивается прием заявок на кейс-чемпионат Changellenge >> Cup Technical,4078
Заканчивается прием заявок на Changellenge >> Cup Ural 2020,4078
Заканчивается прием заявок на Changellenge >> Cup Siberia 2020,4078
Открыт прием заявок на Changellenge >> Cup Russia 2020,1142
Зачем консультанту Data Science,4205
Десять образовательных платформ для онлайн-обучения,4205
Открыт прием заявок на Школу Coca-Cola в Ростове-на-Дону,3108
Открыт прием заявок на Changellenge >> Cup SPb 2020,6909
Десять образовательных платформ для онлайн-обучения,1142
Marketing Intern,6621
Стажер группы оценки бизнеса,6483
Стажер консалтинга в сфере информационных технологий,6483
Web-аналитик,6483
Контекстолог,6483
Junior email-маркетолог,6483
Зачем консультанту Data Science,1
Открыт прием заявок на Changellenge >> Cup Volga 2020,3436
Как одеться на собеседование,6276
Наводим порядок на столе по методу Мари Кондо,6276
"Как одеться на собеседование, чтобы получить оффер",6276
Digital Assessment McKinsey: что это и как его пройти,6276
Changellenge >> Cup Technical,516
Как перестать бояться публичных выступлений,4205
Как найти работу на младших курсах,4205
Как правильно прогуливать пары,4205
Зачем консультанту Data Science,2952
Зачем консультанту Data Science,137
"Кейс-чемпионат L’Oréal, который меняет beauty-индустрию",5682
Changellenge >> Cup Technical,5682
Project Manager,5289
"Регистрируйся в личном кабинете, чтобы бесплатно прочитать электронную версию",3436
7 шагов: как построить свою траекторию развития?,2942
8 шагов от консалтинга до собственного бизнеса,2942
Team Assistant,361
7 шагов: как построить свою траекторию развития?,1276
"Кейс-чемпионат L’Oréal, который меняет beauty-индустрию",318
Представьте лучшее решение и отправьтесь в Париж!,318
Работа в Технологическом Центре Дойче Банка,318
Работа в Технологическом Центре Дойче Банка,1823
Представьте лучшее решение и отправьтесь в Париж!,1823
"Кейс-чемпионат L’Oréal, который меняет beauty-индустрию",1823
P&G CEO Challenge 2020,1823
Решайте кейсы как CEO: классический подход консультантов,1823
Mars,1823
Как и зачем мы сделали Школу Changellenge >>,1823
Набор в команду агентов Changellenge >>,1823
Заканчивается прием заявок на Зимнюю школу Changellenge >>,1823
Закрывается набор на конференцию о развитии AI в Калининграде,3
Закрывается набор на конференцию о развитии AI в Калининграде,3
Открыта регистрация на UNIWORLD 2019 в бизнес-школе Сколково,2
Открыта регистрация на культовый воркшоп Ace the Case от Bain & Company,2
Открыта регистрация на Real Estate Case Day,2
Закрывается набор на открытый урок Зимней Школы Changellenge >>,2
Продолжается набор в ивент-команду агентов Changellenge >>,2
Открыта регистрация на UNIWORLD 2019 в бизнес-школе Сколково,218
