User ID,text
95316,Костромская государственная сельскохозяйственная академия     Автомобилестроение
94714,McKinsey Младший консультант    Консалтинг
98411,"Центр местных инициатив и практической урбанистики Менеджер проекта 1. Сформировано постоянно действующее аналитическое и консультативное подразделение на базе ДВФУ; 2. Проведена программа повышения квалификации для участников осуществления местных инициатив; 3. Разработаны новые методики формирования соседского сообщества, городского сообщества и гражданского общества; 4. Создан ряд проектов местных инициатив для дальнейшей их реализации; 5. Депутаты, на территории которых активно функционирует Центр, вошли в состав думы г. Владивостока. * Отмечен благодарностями за эффективное сотрудничество от ""Университета НТИ"", ""АСИ"" и др. организаций. ** Имею рекомендацию к трудоустройству от Торгового отдела Посольства Австрии в Москве за организацию проекта ""Австрийская экономическая миссия во Владивостоке"".   Консалтинг"
98411,"Молодежное отделение Общероссийской общественной организации «Российское общество политологов» в Приморском крае Руководитель 1. Принял участие во множестве всероссийских форумных кампаний более чем в 10 регионах страны; 2. Разработал ряд социально-политических проектов, которые были реализованы на муниципальном, региональном и федеральном уровне. Имею благодарности за эффективное руководство и содействие в организации; 3. Стал полуфиналистом ""Конкурса политологов"", проводимого при поддержке АНО «Россия – страна возможностей». * Победитель грантового конкурса от Росмолодежи 2021 г.  Президиум Общественные организации"
98411,"ООО ""ПРОСТО ИИ"" (стартап: речевая аналитика на базе искусственного интеллекта) CMO 1. Сформировал фундамент проекта (custdev, продуктовое видение,презентации, документация, питчинг); 2. Руководил подачей стартапа в ряд акселираторских и инвестиционных программ; 3. Руководил ходом переговоров с компаниями всероссийского и международного уровня.  Маркетинг Информационные технологии (IT)"
97560,"ООО ""СНИП"" Инженер-конструктор    Строительство"
97238,"Газпромнефть-Ямал Стажёр Работа с актами(составление и согласование), корпоративной документацией. Подготовка квартальных отчетов по производственному аудиту безопасности. Участие в бизнес-тренингах по направлению ""управление исполнительностью"".  Блок производственной безопасности Нефтегазовая промышленность"
97224,"АО ""Мосинжпроект"" помощник инженера   ПНР Строительство"
97224,"АО ""Мосинжпроект"" стажёр   подготовки ИД Строительство"
95808,ООО «Торговый Дом «ЦЕМСИС» Лаборант   Лаборатория Другое
2942,"ООО ""Авакс"" Помощник специалиста по управленческому учёту   Финансово-управленческий отдел Ритейл"
2942,"ПАО ""Московский Кредитный Банк"" Экономист   Отдел расчёта резервов Банки"
2942,"ООО ""Тинькофф Мобайл"" Специалист ""Мастер качества продаж"" за период с 01.03.2019 по 31.03.2019 ""Лучший сотрудник группы"" за период с 01.03.2019 по 31.03.2019  Отдел продаж Телекоммуникации и связь"
86117,S.A.D.I. Fashion Agency Менеджер по работе с клиентами    Другое
85033,"МИД РФ стажер Активное участие в подготовке и проведении саммита ""Россия-Африка"": пресс-конференция, подготовка повестки (работа с документами и связь с отделами и департаментами)  Департамент Африки Государственная служба"
85033,РОО “Ассоциация победителей олимпиад” Преподаватель   - Образование
34470,"АО ФСР Менеджер проектов Сформированы финансово - экономические планы проектов (5-10 млн руб.); • Оценил рентабельность реализации проектов с учетом возможных сдвигов в сроках реализации и задержек с платежами; • Координировал работу подразделений и подрядчиков (5-7 ответственных представителей); • Управляемые и оптимизированные затраты, снизившие закупочную цену материалов на 7%; • Проанализированы коммерческие предложения от поставщиков и субподрядчиков; • Принимал участие в подготовке заключительной документации проекта; • Проводил поиск и участвовал в государственных и коммерческих тендерах (открытых и закрытых).  Административный департмаент Строительство"
16101,"YouDo  Топ-1 маркетолог сервиса YouDo Лучший исполнитель 2019, 2020 года   Реклама и маркетинг"
84908,Сибирский федеральный университет Специалист по работе с молодёжью   Молодежных проектов Образование
84908,ITEO - интерактивные решения Проектный контент-менеджер    Информационные технологии (IT)
18100,Changellenge >> Аналитик   Департамент аналитики Образование
4906,"Государственная корпорация ""Агентство по страхованию вкладов"" Ведущий эксперт Являюсь представителем конкурсного управляющего 7 страховыми организациями. Выявил схемы вывода активов из страховых организаций через страховых агентов, оспариваю указанные сделки, а также иные сделки. Посредством Excel+Word сформировал более 200 претензий и внедрил подход по оптимизации сроков составления претензий. Подготовил к реализации более 50 объектов недвижимого имущества, транспортных средств (в том числе снимал залоги, аресты, иные запреты), прав требования, малоценного имущества. Сформировал таблицу арбитражных судов России и действующих налоговых органов для оптимизации работы.  Пятый проектный отдел ликвидационных процедур Государственная служба"
4906,"Федеральная служба по финансовому мониторингу (Росфинмониторинг) Специалист Разработал методические рекомендации по антикоррупционному поведению сотрудников; провел анализ сведений о доходах более 1000 сотрудников в рамках декларационных компаний по ежегодному представлению сведений о доходах; провел более 40 финансовых расследований физических и юридических лиц с целью выявления сомнительных сделок, направленных на легализацию доходов, уменьшение активов или вывод активов за рубеж, в том числе 10 международных.  Отдел противодействия коррупции, отдел финансовых расследований Государственная служба"
79208,ООО Леруа Мерлен Специалист   Водоснабжение Строительство
72184,-     Автомобилестроение
5467,"РЭУ имени Г.В.Плеханова Руководитель направления организовал и провёл 6 бизнес-конференций Привлек двух спонсоров Организовал и провёл свой кейс-чемпионат совместно с Changellenge в РЭУ им. Г.В. Плеханова, в котором участвовали 80 человек.  ""Спонсорство и развитие карьеры"" факультета менеджмента Образование"
5467,Jewlish RMS Сотрудник отдела продаж   Отдел продаж Реклама и маркетинг
5467,"Edwica Product-менеджер Придумал название для компании, обеспечил рост 200 подписчиков в сообщество, выстроил эффективную модель работы команды, участоваю в НИОКР компании   Информационные технологии (IT)"
5467,Вооруженные Силы РФ  Рекомендации и положительная характеристика от командира   Военная служба
78503,"ПАО ОЦО ""Ростелеком"" Стажер - Изучила MS Excel на продвинутом уровне _ Создала и описала бизнес-процесс - Создала шаблон под заполнение первичного документа  Департамент учета ТМЦ Телекоммуникации и связь"
78503,"X5 Retail Group Специалист по ценообразованию - Оптимизировала процессы обработки информации в MS Excel. сократив ежедневный рабочий день на 30-40 минут как для себя, так и для коллеги на той же должности. - Изучила и настроила под выгрузку данных SAP -  Отдел ценообразования Другое"
72760,"Сбербанк Стажер - Создавал медиа-контент для отдела: видео, презентации - Организовывал документооборот - Взаимодействовал с судом  Юридический отдел Банки"
72760,"Russo-British Chamber of Commerce Event-manager - Разработал 8 бизнес-мероприятий (брифинги; лекции + нетворкинг) - Налаживал отношения с площадками, спонсорам и членами - Организовывал e-mail маркетинг (разработал и внедрил адаптивный шаблон для всей организации), обновлял корп. сайт   Общественные организации"
218,НИУ ВШЭ Студент    Образование
137,"Changellenge Руководитель департамента маркетинга Обязанности: - Планирование, контроль и оптимизация работы департамента маркетинга и PR, развитие и обучение сотрудников. Из каналов: email-маркетинг, SMM, телемаркетинг, таргетинг, контекст, инфопартнеры, работа с вузами и амбассадорами, сайт. - Реализация и контроль проектов по развитию бренда работодателя (программы стажировок, digital Employer Branding-проекты, спецпроекты, соцсети, сайт) - Разработка стратегии digital- и офлайн-продвижения и лидогенерации для 80+ performance-marketing проектов в сфере FMCG, промышленности, банковской и IT-сферы, контроль по выполнению разработанной стратегии, оперативное управление рекламными кампаниями в критических моментах. Значимые проекты: Sberseasons (Сбер), ВТБ Юниор (ВТБ ПАО), Проект.Ф (ДОМ.РФ), Surf Danone (Danone), Первый Элемент (Сибур), Разгляди себя в нефтегазе (Schlumberger), Evolve (Райффайзенбанк); - Планирование рекламных кампаний и маркетинговых бюджетов, формирование воронок и медиапланов, оценка эффективности проведенных маркетинговых компаний, сквозной анализ, внедрение улучшений; - Разработка и реализация b2b-стратегии по привлечению крупных клиентов компании; - Разработка и реализация стратегии развития департамента; - Участие в разработке стратегии всей компании, реализация пунктов стратегии компании. - Развитие каналов коммуникаций Changellenge (сайт, соцсети, email-маркетинг, программа амбассадоров); - Разработка и внедрение стандартов и регламентов работы команды над проектами; - Поиск и внедрение новых маркетинговых костэффективных-каналов. Достижения: - Участвовала в разработке и успешном продвижении 80+ проектов для компаний из топ-100 рейтинга Universum. - Увеличила базу email-рассылок (самого эффективного канала в компании) в 2,5 раза, трафик на интернет-ресурсах на 20%, доходимость до онлайн-мероприятий на 13%, конверсии маркетинговых каналов в среднем на 25%. - Разработала и внедрила новый подход к b2b-лидогенерации, и вывела привлечение новых b2b-клиентов для компании на уровень х15 от прежнего. - Под моим руководством KPI по проектам выполнялись от 98 до 170%, средний NPS клиента - 8,5 баллов; - Реорганизовала и автоматизировала процессы внутри департамента, повысила производительность отдела на 40% без потери качества и дополнительного найма сотрудников путем оптимизации внутренних бизнес-процессов. В результате полугодовой оценки 50-70% департамента стабильно получают повышения или премии благодаря высокому качеству работы; - Протестировала и успешно внедрила в практику 6 новых источников лидогенерации; - Разработала и внедрила подходы (общие и в рамках маркетинговых каналов), которые позволяет снижать маркетинговые расходы в среднем на 25% на каждом из проектов, с условием выполнения заранее поставленных KPI. - Увеличение прибыли образовательных продуктов Changellenge >> Toolkit: повышение среднего чека на 14% за счет внедрение системы upsale, перестройка системы вебинаров (как следствие повышение конверсий лендингов, снижение cpl за лид, повышение доходимости на 13%, повышение конверсии в оплату), увеличение LTV; - За 2,5 года получила 4 повышения от middle-специалиста до руководителя департамента. Я пришла в компанию на позицию Senior email-marketer (с 6.09.2018 по 01.03.2019). На этой позиции я: - Полностью перестроила всю систему email-маркетинга в компании, что позволило полностью исключить ошибки и сложности в смежной работе департаментов; - Увеличила основные показатели: OR c 11% до 16%, CR c 1% до 1,7%, увеличила долю лидов с канала с 30% до 55% в среднем по проектам, увеличила базу подписчиков в 2,5 раза; - Реализовала более 50 карьерных и образовательных проектов для крупнейших работодателей российского рынка с выполнением KPI по проектам на 100-200%; - Разработала и внедрила систему сегментации баз, что позволило уменьшить % отписок и Abuse Rate. - Разработала гайды и методические материалы по email-маркетингу.   Другое"
137,"Азбука Вкуса Контент-менеджер 1. Создание лендингов от начала и до конца: продумывание логики и структуры, составление ТЗ дизайнеру и на верстку, наполнение и запуск. 2. Работа с соцсетями: внедрение новых рубрик, составление контент-плана, написание постов, дизайн баннеров. 3. Работа с сайтом и мобильным приложением: запуск промостраниц, самостоятельный дизайн (или совместно с дизайнером) баннеров, написание текстов, работа с админками (размещение информации на сайте и в МП). 4. Работа с рассылками (в среднем делала 4 рассылки в неделю): начиная с идеи для рассылки, затем, совместно с коллегами, сегментация базы, дизайн, написание текстов, верстка в визуальном редакторе (но чаще с помощью подрядчиков), тестирование, анализ эффективности. Создание новых шаблонов для рассылок, создание триггерных писем. 5. Работа с аутсорсерами, подрядчиками. Запуск партнёрских промоакций. 6. Подготовка пакетов материалов для запуска рекламных компаний, определение аудитории, количества показов, охвата.   Ритейл"
137,"ООО ""Интерлопер"" Младший маркетолог 1. Проведение маркетингового исследования для выхода компании на новый рынок; 2. SMM - ведение социальных сетей (группа Вконтакте, канал на Youtube, группа на Facebook). 3. Генерация контента для SMM, написание тематических статей; 4. Взаимодействие с простафферами компании, в том числе написание сценариев для съемок роликов; 5. Работа с видео-блогерами, заключение соглашений, курирование съёмок; 6. Работа с сайтом (написание текстов для новостей, обновления, редактирование и т.д.); 7. Написание ТЗ и поиск подрядчиков для создания нового сайта; 8. Работа с партнерами по кросс-маркетинговым программам; 9. E-mail маркетинг: верстка рассылок, A/B-тестирование, анализ open rate/click rate, анализ эффективности рассылок; 10. Расчёт и анализ маркетинговых метрик: средний чек, конверсия, стоимость привлечения клиента, ltv и т.д.; 11. Анализ клиентской базы: сегментирование, оценка сегментов, анализ целей покупки, анализ каналов привлечения; 12. Кросс-маркетинг: взаимодействие с партнерами, запуск партнёрских программ, проведение совместных мероприятий; 13. Взаимодействие с внешними подрядчиками, формирование, утверждение работ;   Спортивная индустрия"
77296,КонсультантПлюс Младший аналитик    Информационные технологии (IT)
516,"ООО ""Челябторгтехника"" Студент проектного обучения Внедрили бережливое производство на индукционном потоке, что позволило снизить НЗП на 90% и увеличить выработку на 100%.  Проектный Другое"
516,"АО ""ОЭЗ ППТ Алабуга"" Практикант/стажёр В ходе стажировки приняла участие в подготовке конкурсной заявки по проекту «Строительство водоводов ХПВ до г.Елабуга» по Национальному проекту «Экология», федеральный проект «Чистая вода».  Департамент государственных программ Другое"
76622,"ООО ""Саф-Нева"" (группа Lesaffre) Руководитель территориального подразделения отдела продаж Пришла на позицию коммерческого представителя в отдел продаж, за 3 года выросла до руководителя подразделения в Москве. На руководителя подразделения был объявлен конкурс (нужно было написать бизнес-план развития региона до 2023 года). Выиграла его.  Sales Другое"
76520,"АО ""Первый Бит"" Менеджер по сопровождению клиентов   Сопровождения клиентов Информационные технологии (IT)"
76520,"АО ""СКБ КОНТУР"" Менкджер по работе с клиентами    Информационные технологии (IT)"
76520,"АО ""Тинькофф"" Персональный менеджер   Обслуживания бизнеса Банки"
76520,"АО ""Международный аэропорт Шереметьево"" Младший специалист диспетчер    Транспорт и Логистика"
76520,"ООО ""Поиск-Наука"" Системный администратор    Информационные технологии (IT)"
76302,"ООО ""МГС-Терминал"" Стажёр - консультант Составил технико-экономическое обоснование проекта стоимостью 120 млн рублей  Коммерческий Транспорт и Логистика"
76302,"ПАО ""ВТБ"" Стажёр Предложил подходы к решению типичных кейсов розничного банкинга, которые впоследствии были одобрены руководителями стажировки  Департамент розничного бизнеса Банки"
27793,"А ГРУПП Менеджер по закупкам/продажам и управлению персоналом ● Управление персоналом ● Подготовка отчётов ● Планирование и разработка проектов по закупке ● Разработка монтажных проектов ● Консультации с потенциальными партнерами для дальнейшего развития существующих проектов ● Проведение переговоров с выставочными площадками ● Постановка задач другим сотрудникам от руководителя ● Подготовка документов и проведение встреч с компаниями, предоставляющими консалтинговые услуги ● Создание отчетов и написание аналитики по потребностям лид-менеджеров ● Написание аналитических писем, презентаций, ответов на вопросы анализа и практических рекомендаций по стратегии ● Оптимизация отчетов  Отдел закупок и отдел управления персоналом Тяжелая промышленность"
27793,"Хороший год Пиар менеджер ● Документный оборот ● Разработка пиар компании ● Координация перспективных и текущих планов основанных на созданной пиар компании ● Контроль выполнения работ ● Работа с привилегированными клиентами ● Работа с клиентами ● Заключение договоров на оказание услуг ● Личные ""холодные"" продажи  Пиар Реклама и маркетинг"
27793,Professional Logistics Technologies (PLT) Analyst (intern) in the Investment department ● Логистические вычисления ● Прямая логистика ● Составление логистических маршрутов ● Консультирование с клиентами и партнерами по эксплуатации наших складов ● Выполнение кадастровых работ - расчеты и оценка ● Расчет налоговой ставки ● Исследование рынка складских помещений ● Анализ контрагентов в KYC ● Прогнозирование потенциальных проблем в текущих бизнес-проектах ● Анализ экономической эффективности деятельности ● Анализ деятельности подразделения для выделения перечня необходимых отчетов  Investment department Транспорт и Логистика
27793,"Оптимлайн Менеджер; Главный помощник руководителя ● Формирование аналитических отчетов ● Работа с большими массивами данных и их визуализация ● Участие в проектах в качестве бизнес-аналитика и системного аналитика ● Коммуникации с бизнесом (функциональным заказчиком), сбор и формализация требований для составления ТЗ ● Анализ моделирования и описания бизнес-процессов, а также их оптимизация ● Анализ ключевых показателей тендерных баз ● Обеспечение целостности и доступности информационных данных (мониторинг качества существующих источников данных, соответствующие корректировки, безопасность данных на сервере) ● Анализ экономической эффективности деятельности ● Контроль выполнения работ ● Разработка и запуск схем взаимодействия с агентами ● Составление логистических маршрутов  управления коммерческими проектами Тяжелая промышленность"
61164,"АО Русское море ассистент категорийного менеджера Успешно прошла стажировку в отделе маркетинга и отделе категорийных продаж и получила должность в штате компании. На ежемесячной основе выполняла обработку данных и подготовку отчетов по мониторингу продукции компании в розничных сетях. Охват мониторингов составлял более 70 торговых точек в 27 городах России. На регулярной основе обновляла базы данных в системе автоматизации продаж ST-Mobicom и шаблоны для ежемесячного мониторинга в регионах РФ, тем самым сократив количество комментариев со стороны супервайзеров на 20%.  категорийных продаж FMCG"
70787,"Petite Princesse Управляющий бренда Занимался ведением документооборота. Подготавливал отчётность для бухгалтера, фиксировал акты приёмки-передачи, подписывал договора. Занимался патентами компании. Проводил переговоры с реализаторами. На выгодных для компании условиях завершил досудебные переговоры с крупным ретейлером «Podium Market».   Другое"
70787,"ГК Стратегия Аналитик Занимался исследованием рынка, подготовкой обзорных и продажных презентаций для технического устройства типа «гидропост» и системы оповещения ЛПР о приближающемся паводке. Участвовал в сборке, установке и переговорах. Моя работа позволила выйти на пилотные запуски в Калининградской и Сахалинской области, при моём непосредственном участии был выигран тендер в г. Коломна.   Другое"
70787,"Breach Report Ltd. Руководитель Занимался анализом и проработкой гипотез сбыта. В моей команде было 4 сотрудника, для них я наладил удалённую работу по методике SCRAM и настроил amoCRM. Я подбирал гипотезы, писал скрипты и собирал базы для проработки через холодные контакты СЕО и других руководителей в Linkedin. Я также участвовал в общении и звонках и смог глубоко погрузиться в сферы доменных регистраторов, хостинговых сервисов, кибербезопасности и крипто бирж в таких странах как США, Британия Швейцария, Италия, Малайзия, Индия, Украина, Канада, Нидерланды, Израиль, ОАЭ. За полгода работы, под моим руководством удалось собрать базу из 115 квалифицированных лидов с потенциальной суммой прибыли $3,676,000-5,142,000 в год или $38.339 в среднем на один лид. Цена привлечения одного такого лида составила $50, что в 4-8 раз дешевле сторонних услуг по привлечению. Также я занимался отчетностью и проработкой стратегии развития компании для предоставления инвестору. Составлял международные контракты и соглашений. Тесно взаимодействовал с командой программистов, писал ТЗ на обновления и занимался их приёмкой.  Продажи и аналитика Информационные технологии (IT)"
4205,"ТСН ""Братиславская 6"" Помощник председателя Правления   Администрация Другое"
4205,"ООО ""ГАЛАТЕЯ"" Помощник бухгалтера    Другое"
65443,"АО ""Росгеология""     Добывающая промышленность"
6909,Газпром экспорт Стажер   по работе и развитию персонала Другое
64286,Россети Электрослесарь по ремонту Электрооборудования -  СРЭС Энергетика
64286,"Транснефть Электромонтёр ВЛ и СЭХЗ Участвовал в конкурсе молодых специалистов прошёл отборочный тур в Урае, после отправили в Тюмень. В Тюмени отборочный тур не прошёл.   Нефтегазовая промышленность"
50972,Анкор стажер   Развития бренда работодателя Другое
64922,"ГУП ЖКХ Республика (Саха) Якутия Практикант Достижения: • за месяц были предоставлены отчеты о состоянии спецтехники, готовой к эксплуатации к началу отопительного сезона (сентябрь) • изучен процесс формирования документации, предоставляемой в отдел финансов  Транспортный отдел Транспорт и Логистика"
64922,"ГУП ЖКХ Республика (Саха) Якутия Практикант Достижения: • за месяц были предоставлены отчеты о состоянии спецтехники, готовой к эксплуатации к началу отопительного сезона (сентябрь) • изучен процесс формирования документации, предоставляемой в отдел финансов  Транспортный отдел Транспорт и Логистика"
70509,Ргсу     Другое
70390,"—     Искусство, культура и развлечения"
62284,"ПАО ""Сургутнефтегаз"" Лаборант-коллектор 2 разряда   Буровых растворов Нефтегазовая промышленность"
62284,"ТФ АО ""ССК"" Помощник бурильщика Э и РБ (второй)   Буровых работ Нефтегазовая промышленность"
66569,Johnson & Johnson Оператор базы данных   Коммерческий отдел потребительских товаров FMCG
3253,Газпром нефть Аналитик • Полностью организовал акцию по продвижению новой ИТ-системы в «Газпром нефти» • Успешно автоматизировал бизнес-процесс по закупкам в Битрикс24 для БРД-блока «Газпром нефти» • В рамках проекта цифровой трансформации «Газпром нефти» презентовал новую ИТ-систему более чем 10 департаментам  Цифровизация операционной деятельности Энергетика
3253,"PKF MCD Менеджер проекта • Ad-hoc аналитика для проекта цифровой трансформации • Успешно руководил проектной группой из 5 человек • Подготовил отчёты для руководства: лучшие ERP ИТ-продукты из 40 проанализированных, 13 эталонных примеров практик цифровизации • Разработал подробный план с использованием CBM IBM для цифровой трансформации предприятия • Изучил текущие рыночные ИТ-тенденции и технологии по отчетам ИТ и консалтинговых компаний  Стратегический и инвестиционный консалтинг Консалтинг"
65767,"Библиотека по естественным наукам РАН Архивариус   Канцелярии и архива Искусство, культура и развлечения"
65767,"Библиотека по естественным наукам РАН Помощник советника по правовым вопросам   Юридический Искусство, культура и развлечения"
65767,Пепеляев Групп Стажёр   Практика недвижимости и строительства Юридические услуги
41434,Томскбурнефтегаз Помощник бурильщика Получил рекомендацию от зам. начальника инженерной службы в письменном виде  Бурение Нефтегазовая промышленность
2,Моя компания моя должност мои достижения  новый отдел Автомобилестроение
2,123123 4124 124  124 Автомобилестроение
2,123 123123 123  123 Автомобилестроение
2,123123 3123 123  123 Автомобилестроение
2,Компания 2 еще должность вторые достижения  еще отдел Автомобилестроение
318,Changellenge Team leader   проектного менеджмента Другое
60752,Гелиос 2000 Техник по наладке и испытаниям   Этл Энергетика
60122,"История с Элей Смит Наставник мастер-группы экстра Выпустила группу учеников (17 человек к концу года), 41% учеников сдало на 80+ баллов, заполнила несколько таблиц отчетности (велись на протяжении всего периода). Подобрала индивидуальный план дополнительных заданий на июнь 17 ученикам.  Наставников Образование"
60122,"История с Элей Смит Наставник мастер-группы PLUS На момент 22 января провела 38 онлайн занятий, подобрала индивидуальные задания 14 ученикам на каждую неделю, заполнила всю необходимую отчётность за время работы, отсмотрела пробные занятия 16 кандидатов на место наставника мастер-группы PLUS, написала отзывы о кандидатах для принятия решения о их приеме на работу.  Наставников Образование"
57673,"ООО ""НЕО Навигация"" Контент-менеджер    Реклама и маркетинг"
6204,Schlumberger Ведущий полевой инженер - Выполнил более 100 успешных операций по сборке-разборке бурильных компоновок; - Поддерживал работу 6 буровых одновременно как инженер Центра контроля за бурением; - Награжден за «Лучший доклад о полевом расследовании» на локации в 2019 году; - Добился получения младшим инженером повышения в качестве наставника.  Бурение и измерения Нефтегазовая промышленность
59008,СамГТУ     Информационные технологии (IT)
56591,ПАО нлмк Обжигальщик   Огц Другое
58099,-     Другое
37657,"ООО ""ТВОЙ МИР"" агент по организации деловых поездок - заказ/приобретение билетов, бронированию гостиниц, трансфера. - организация поездок в пределах России и за рубеж, включая вопросы: - бронирование, оплаты авиа, ж/д билетов и гостиниц через системы онлайн-бронирования; - подготовку и предоставление требуемого для конкретной деловой поездки пакета документов; - контроль заказов, заключение договоров, ведение сопутствующей документации, ведение заявок в программном обеспечении, ведение кассы, контроль оплаты, проведение сверок, составление отчетов, контроль оплаты счетов, оформление закрывающих документов; - составление и согласование маршрута, контроль бюджета поездки, оптимизация затрат клиента, сопровождение заявок (ведение туриста от звонка до его возвращения).  туристский Туризм и ресторанный бизнес"
16995,Студия коррекции тела Dar Dary Мастер массажа Процент закрытия вновьприбывших клиентов на курсы и перевод их в разряд постоянных 80-200%   Другое
16995,"Школа художественной гимнастики ""Высота"" Тренер Защита и присвоение воспитанницам спортивных разрядов; получение и подтверждение судейской категории; победа и призёрство воспитанниц на местных, региональных и всероссийских чемпионатах.  Центральный филиал Спортивная индустрия"
57894,Skyeng Методист - продавец Выполненные планы продаж Принес компании больше 3000000  Продажи Образование
57794,Highland gold mining Рудник «Валунистый» Горный мастер   Карьер Добывающая промышленность
57794,ООО «Карьер» Горный мастер   Карьер Добывающая промышленность
57769,МБОУ СОШ№58 инженер ТСО нет  безопасность Другое
31465,"Newmen UX-исследователь Проектная работа. Анализ и тестирование мобильных приложений на базе iOS и Android, а также подборка иностранных кейсов, соответствующих задаче. Анализ акций непродуктовых ритейлеров, а именно: выбор ретейлеров из различных сфер, описание и анализ акций, предложение своих идей.  Digital marketing Реклама и маркетинг"
31465,"INEX Partners и МГУ им. М.В. Ломоносова Project manager В рамках совместной работы консалтинговой компании INEX Partners, Экономического факультета МГУ им. М.В. Ломоносова и вышеупомянутых компаний было осуществлено 3 проекта по созданию и планированию внедрения инновационных продуктов, а именно: - Выявление трендов на изучаемом рынке; - UX-исследования (составление интервью-гайд для потенциальных респондентов; интервьюирование клиентов и потенциальных клиентов; выявление потребностей и инсайтов); - Разработка инновационного продукта на основе анализа полученной информации в результате исследования; - Прототипирование продукта; - Тестирование продукта, доработка; - Разработка маркетинговой стратегии; - Презентация продукта заказчику. Для компании: PHILIPS - улучшение элементов CRM & Loyalty Program (разработка функционала и дизайна мобильного приложения для программы лояльности); HOME CREDIT BANK - редизайн банковского продукта для молодежной аудитории (14-25 лет); OZON - разработка нового подхода к доставке продуктов категории ФРЭШ.   Консалтинг"
31465,"VMLY&R Стажер - UX-исследования (моб. приложения), составление гайд-интервью, интервьюирование, выявление потребностей и инсайтов; - Составление CJM; - Определение трендов (соц. сети, эфемерный контент); - Составление карт взаимодействия в экосистеме (моб. приложения+сайты+соц. сети); - Подбор релевантных блогеров  Digital Реклама и маркетинг"
31465,Экономический факультет МГУ им. М.В. Ломоносова Координатор межфакультетских курсов Организация обучающих межфакультетских курсов на факультете: - Ведение группы в соц. сетях; - Информирование студентов и лекторов об изменениях; - Подготовка пропусков; - Бронирование аудиторий; - Отслеживание посещаемости; - Решение срочных организационных вопросов.   Образование
31465,"EY Russia Ассистент аудитора - Взаимодействие с сотрудниками компании-клиента и EY с целью сбора необходимой информации; - Анализ финансовой и нефинансовой информации в отношении компании-клиента; - Выполнение отдельных аудиторских процедур; - Подготовка документации в отношении отдельных аудиторских процедур; - Ведение статуса проделанной работы, включая обмен информацией с компанией-клиентом; - Подготовка сводных и иных файлов для других членов аудиторской команды; - Работа с большими массивами данных.  ТМТ Аудит"
27320,Аркат Генеральный директор    Другое
45995,БашНефтеГазСтрой Инженер ПТО 2 категории   ПТО Нефтегазовая промышленность
45995,ООО «Уренгоймонтпжспецстрой» Ведущий инженер ПТО   ПТО Нефтегазовая промышленность
56805,"АО ""МТУ Сатурн"" Ведущий специалист   Договорной Телекоммуникации и связь"
445,Changellenge >> PM Lead   PM Консалтинг
4078,"ОАО ""ЦНИИ"" Циклон инженер-конструктор Обязанности: - Разработка трехмерных моделей и конструкторской документации (КД) в соответствии с ЕСКД на оптико-электронные приборы и системы (изделия на основе неохлаждаемых микроболометрических матриц, охлаждаемые тепловизионные модули, микрокриогеннные системы охлаждения, многоспектральные системы) (T-FLEX CAD) - Анализ КД на технологичность - Выпуск КД - Согласование КД с подразделениями, взаимодействие с отделом главного технолога (огт), инженерами-оптиками, инженерами-схемотехниками, отделом нормоконтроля, подразделением опытное производство - Сопровождение изделий в производстве Достижения: - Разработка, анализ на технологичность, выпуск, согласование полного комплекта рабочей конструкторской документации (РКД), сопровождение в производстве опытных образцов изделий: на основе неохлаждаемых микроболометрических матриц, микрокриогеннных систем охлаждения; технологические приспособления для многоспектральных систем - Проведение тепловых расчетов, расчетов времени откачки вакуумных систем для изделий на основе микрокриогеннных систем охлаждения - Проведение расчетов выхода годных изделий на основе неохлаждаемых микроболометрических матриц - Проведение консультаций ведущего инженера, руководителя отдела по тематикам ""Изделия на основе микрокриогеннных систем охлаждения"", ""Изделия на основе неохлаждаемых микроболометрических матриц"" в рамках курсов “Основы вакуумной техники”, ""Электронные ионные плазменные технологии"".   Другое"
4078,"МГТУ им. Н. Э. Баумана, лаборатория кафедры МТ-11 Сотрудник кафедры МТ-11 ""Электронные технологии в машиностроении"" Научно-исследовательская работа (нир) на кафедре МТ-11 Обязанности: - Оптимизация маршрута технологического процесса формирования многослойных тонкопленочных покрытий (мтп) для нанесения на режущий инструмент для печатных плат (в т. ч. микросверла) - Расчет и выбор оптимальных технологических режимов формирования мтп (Excel, Mathcad) - Разработка, расчет и сборка технологических приспособлений (в т. ч. внутрикамерных) - Проведение работ по поиску оптимальных технологических режимов работы вакуумной системы, магнетронов, источников ионов, системы подачи газа, ультразвуковой ванны и их запуска, наладки - Отработка технологических режимов формирования мтп - Разработка плана экспериментов по формированию мтп, проведение экспериментов, интерпретация данных на основе результатов экспериментов - Разработка, выбор методов исследования характеристик мтп, проведение исследований, интерпретация данных на основе результатов исследований (оборудование: атомно-силовой микроскоп, микротвердомер, стенд трибометрический) - Разработка, выбор и расчет вакуумной системы модернизированной установки магнетронного распыления (мумр) - Разработка, выбор и расчет устройства перемещения образцов для мумр (на основе установки вакуумного напыления Balzers) - Разработка системы автоматического управления, комплексной принципиальной схемы и процессной модели мумр - Разработка, выбор и расчет принципиальной газовой схемы системы подачи газа мумр - Разработка, выбор и расчет принципиальной электрической схемы для печатной платы блока управления системы подачи газа мумр; разводка печатной платы блока управления системы подачи газа мумр (P-CAD) - Разработка конструкторской документации (КД), технологической документации (ТД) для печатной платы блока управления системы подачи газа мумр в соответствии с ЕСКД, ЕСТД - Разработка функциональной схемы, расчет и проектирование схемы электрической соединений, принципиальной электрической схемы системы автоматического управления системы подачи газа мумр (MATLAB, P-CAD) - Разработка математической модели зависимости трибологических характеристик многослойного тонкопленочного покрытия (износ, коэффициент трения, твердость) от параметров (кол-во слоев, толщина слоя) методом нейросетевого моделирования (STATISTICA) - Разработка базы данных ""Многослойные тонкопленочные покрытия"" на основе результатов экспериментов по формированию мтп, результатов исследований характеристик мтп (Access) Достижения: - Разработка технологического процесса формирования многослойных тонкопленочных покрытий (мтп) (метод: ионно-лучевая обработка, магнетронное распыление)(варьируемые параметры - количество слоев n=1, 3, 5, 7 и толщина h = 0,1; 0,2; 0,4; 0,8 мкм) за один цикл на режущий инструмент для печатных плат (в т. ч. микросверла) на модернизированной установке магнетронного распыления (мумр)   Образование"
2683,СТС Медиа Финансовый аналитик   Финансовый контроль Финансы
33462,"Океаника РОП/ управляющий - Собрала с нуля отдел продаж, который выполнял поставленные планы - Увеличила выручку в 6 раз, кол-во клиентов в 4 раза - Открыла новый филиал в Москве - настроила отчётность в продажах - настроила все процессы функционирования сети филиалов   Образование"
33462,Фриланс Бизнес-аналитик Описывала бизнес-процессы и выстраивала внутренние процессы в двух компаниях на аутсорсе.   Консалтинг
33462,"Стартап - ""Xrobo - сеть клубов робототехники и программирования для детей"" Операционный директор/ PM Достижения: - открыла 4 новых филиала (всего 7 филиалов) - увеличила операционную эффективность всех филиалов - наняла на каждый филиал педагога, администратора (на часть филиалов) - настроила процессы в компании - довела кол-во постоянных клиентов с 25 до 120 - открыла 2 новых направления, увеличив ЦА - проект вышел в плюс через пол года   Образование"
53935,Changellenge Старший проектный менеджер    Консалтинг
45719,"ООО ""ВВИП Сервис"" Координатор по работе с VIP клиентами - координация и сопровождение делегации короля Саудовской Аравии Салмана бен Абдель Азиза аль Сауда (Москва, октябрь 2017) - координация и сопровождение делегации коронованного принца Мухаммеда бен Сальмана Аль Сауда (Москва, июнь 2018) - устный деловой перевод с турецкого, английского и русского языков   Транспорт и Логистика"
52917,ООО «Имущественный Комплекс» Real Estate Analyst    Другое
52805,"ООО ""Юнона"" Администратор - регистратор Решила 90% конфликтных ситуаций с клиентами, которые были в мою смену.   Здравоохранение"
52805,"Север телеком Менеджер по персоналу Полный цикл работы по подбору персонала. Взаимодействие с руководителями отделов по подбору персонала. Поиск резюме, телефонное интервью с кандидатами. Организация и проведение индивидуальных и групповых собеседований. °Проведение первичного и вторичного обучения для новых сотрудников Ведение отчетности по вакансиям(воронка по найму) Достижения : Разработка и внедрение анкеты для подбора менджера b2b на основе ключевых компетенций. Итог : сокращено время собеседования, приглашено 2 сотрудника в отдел b2b Проведен анализ воронки по найму, дополнены способы привлечения и приглашения соискателей. Итог : повышение доходимости на 10%, коррекция пунктов воронки для более точного анализа  Отдел по работе с персоналом Телекоммуникации и связь"
47052,Вооруженные силы РФ рядовой срочной службы Благодарность за проявленную инициативу и помощь в еженедельных мероприятиях части  - Военная служба
47052,"ПАО ""Сбербанк России"" Старший специалист контактного центра по обслуживанию ключевых клиентов участник CСGuru Awards | Хрустальная Гарнитура® и финалист конкурса профессионального мастерства «Оператор Года» Победитель номинации ""Лучший тренер контактного центра г. Ставрополя"" Реализация проекта тренингов для специалистов контактного центра по личной мотивации и повышению своих показателей, который показал рост вовлеченности специалистов на 31%  Обслуживание вызовов премиальных клиентов Банки"
47052,"ПАО ""Сбербанк России"" Старший специалист контактного центра по обслуживанию ключевых клиентов Вошел в топ100 лучших проектов стипендиальной программы SberUP12, тренер инициативной группы контактного центра ""Высшая лига"", 50% рост мероприятий созданных инициативной группой для специалистов контактного центра.  Обслуживание вызовов премиальных клиентов Банки"
47052,"ПАО ""Сбербанк России"" Старший специалист контактного центра по обслуживанию ключевых клиентов Разработка тренингов для инициативной группы ""Высшая лига"", тренер на форуме ""МАШУК2018"" от команды Сбербанка на тему ""Креативность""  Обслуживание вызовов премиальных клиентов Банки"
47052,"ПАО ""Сбербанк России"" Специалист контактного центра обслуживанию клиентов Реализация тренинга по клиентооринтированности среди специалистов контактного цента, который повысил оценки клиентов на 15%  Обслуживание вызовов Банки"
47052,"ПАО ""Сбербанк России"" Специалист контактного центра обслуживанию клиентов Вошел в топ10 лучших сотрудников контактного центра по облуживанию вызовов.  Обслуживание вызовов Банки"
5453,COCA-COLA HBC RUSSIA Практикант NKA IC в отделе продаж   Продажи Ритейл
5453,DENTSU AEGIS NETWORK Стажер в медиапланировании   Медиапланирование Реклама и маркетинг
50241,Урарзу     Автомобилестроение
15726,"ЦИК партии ""Единая Россия"" Стажёр  Структурирована и занесена в итоговый документ информация о выполнении 500 национальных проектов в сфере «Демография»;  67% (100/150) всех объектов, завершенных в соответствии с национальным проектом в сфере «Городская среда» были сопоставлены с данными реестра (с веб-сайта государственных закупок)  Проектный отдел Общественные организации"
15726,"BORK Стажёр Архивирование, документооборот, проверка проводок в 1С, работа в программе 1С: Предприятие 6.3.  Бухгалтерия Ритейл"
45100,Changellenge Стажер    Другое
45432,Спбгэу     Автомобилестроение
41297,Центр налогового аудита Стажер аудитора    Аудит
48573,АО Костромской завод автокомпонентов Лаборант металлограф   Центральная заводская лаборатория Автомобилестроение
48573,МУП г. Кострома Костромагорводоканал Лаборант химического анализа   Химическая лаборатория Другое
46073,не работаю - -  - Автомобилестроение
48279,"PRO Детство Организатор мероприятий Разработала коммерческое предложение (презентация + интерактивная таблица), которое через день привлекло крупного клиента. Организация полного цикла: написание сценария, поиск места проведения мероприятия, логистика, общение с заказчиками. Ведение Instagram аккаунта.   Искусство, культура и развлечения"
48279,"ООО ""Каргон"" Бизнес-аналитик Разработка бизнес-плана, медиапланирование для запуска работы компании. Создание бизнес-презентации для привлечения клиентов и партнеров. Поиск грузоперевозчиков и оформление документации.   Транспорт и Логистика"
45369,"МФПУ ""Синергия"" помощник проректора   Ректорат по воспитательной работе и молодежной политике Образование"
45369,"МФПУ ""Синергия"" помощник директора   Департамент по коммуникациям Образование"
45369,"МФПУ ""Синергия"" проектный менеджер   Отдел по развитию молодежной политики Университета Образование"
44354,ИП Насонов П.М. Индивидуальный предприниматель    Транспорт и Логистика
44354,ЗАО ЮгАгроХолдинг Специалист снабжения   Снабжения Другое
44354,"ООО ""ЮгАгроСнаб"" Заместитель директора    Транспорт и Логистика"
44354,"ООО ""ЮгАгроСнаб"" Коммерческий представитель    Транспорт и Логистика"
44354,ОАО Михайловхлебопродукты Начальник завода   Комбикормовый завод Другое
44354,"ВС РФ Командир подразделения Достижения, награжден: дважды часами от командующего ВДВ, медалью «За Воинскую доблесть» II степени Пр. МО РФ № 245 от 03.04.2004 г., дважды грамотой командира бригады, медалью «За Воинскую доблесть» I степени Пр. МО РФ № 1149 от 08.11.2006 г., лично объявлена благодарность командующим ВДВ. Специалист 1 класса, 1 спортивный разряд по-военному четырехборью. 68 прыжков с парашютом. Рота каждый год занимала первое место среди спецподразделений бригады получая грамоты и кубки.   Военная служба"
2952,"Lukevium Менеджер по продажам На протяжении 4-х месяцев был ""Лучшим менеджером""  Продажи Информационные технологии (IT)"
40365,"ООО ""Живая Лента"" ассистент кастинг-директор, хлопушка    Кинопроизводство, теле- радиовещание"
40214,"ООО ""ФитнесДети"" Супервайзер    Спортивная индустрия"
30507,Tiburon Research ассистент руководителя проектов   Количественные исследования Другое
15320,"Музей янтаря и фабрика Менеджер Таобао 1. Заложил основы управления магазином на маркетплейсе Таобао (изучил китайский интерфейс, создал базу товаров и алгоритм отслеживания стока, проработал логистику). 2. Сделал первые 500 продаж магазина. 3. Открыл трансляцию магазина. 4. Освоил продвижение на Таобао 5. Обучил преемника.  Электронной коммерции Ритейл"
15320,"Яндекс.Маркет Специалист поддержки 1. Разобрал бэклог Bringly по линии запросов к магазинам (более 1000 тикетов) в короткие сроки, 2. проанализировал сотни пользовательских проблем по определённым тематикам и разработал алгоритмы работы с ними для операторов 1-ой линии поддержки на Беру, 3. Разработал раздел ""Помощь"" для проекта трансграничной торговли на Беру (но трансгран на Беру так и не ввели по иным причинам)  Подразделение пользовательского опыта Другое"
15320,"A-STAFF CHINA Совладелец и менеджер проектов A-Staff China - стартап в области международного трудоустройства. Я был совладельцем и менеджером проектов. Достижения: 1. Создал с нуля отдел массового найма, нанял команду. 2. Перевёл команду на тикетную Яндекс.Трекер. Полностью настроил систему и обучил сотрудников (создал воркфлоу, поля в тикетах, настроил автоматизацию внутри трекера, создал дашборды, и весь рабочий процесс), также обучил китайцев (команду в Китае) пользоваться англоязычной версией трекера. 3. Создал Яндекс.Формы и интегрировал с трекером, настроил отправку автоматических e-mail писем. Мы использовали ФОСки как для взаимодействия с клиентами и лидами, так и между собой. 4. Руководил созданием лендинга на WIX, подключил Яндекс.Чаты, JivoSite, Яндекс.Метрику, формы на сайт. 5. Внедрил IP телефонию. 6. Разработал алгоритм продаж для китайского офиса.  Отдел массового найма, отдел продаж Другое"
36308,EY Russia Стажер-аналитик По результатам финансового года компания заняла 1 место среди оценочных компаний России (я стажировался в отделе Оценки основных средств).  Strategy and transactions Консалтинг
35646,"Банк ""Оранжевый стажер    Банки"
2626,ГБПОУ МГОК Лаборант Участник и организатор: Лабораторный химический анализ | WorldSkills Russia   Образование
2626,"ООО ""Аптечная сеть О3"" Фармацевт    Фармацевтика"
26731,"PWC Intern - Участвовала в трех крупных проектах по внедрению 1С:УХ, 1С:ERP - Работала над модулем E-commerce - Разрабатывала тест-кейсы - Тестировала систему - Занималась постановкой задач разработчикам - Занимала роль администратора проекта  Risk Assurance Консалтинг"
34379,PwC Specialist 1. Прошла более 10 тренингов; 2. Закрыла более 50 проектов; 3. Отправила более 250 аудиторских писем-подтверждений; 4. Прокоучила 5 начинающих специалистов; 5. Заполнила несколько тысяч строк в Excel.  Service Delivery Center Аудит
3,"1 Тестовая должность Тестовое достижение. Lorem ipsum dolor sit amet, consectetur adipiscing elit, sed do eiusmod tempor incididunt ut labore et dolore magna aliqua. Ut enim ad minim veniam, quis nostrud exercitation ullamco laboris nisi ut aliquip ex ea commodo consequat. Duis aute irure dolor in reprehenderit in voluptate velit esse cillum dolore eu fugiat nulla pariatur. Excepteur sint occaecat cupidatat non proident, sunt in culpa qui officia deserunt mollit anim id est laborum.  Тествоый отдел Информационные технологии (IT)"
33926,Raute Service Сервисный инженер Проведение технического обслуживания на более 10 фанерных фабрик России; Инспекция оборудования (визуальные сканеры и влагомеры); Ввод в эксплуатацию и модернизация оборудования; Улучшение технологического процесса производственных линий с заказчиком; Проведение технологический тренингов для работников фабрик; Исправление проблем и удаленная поддержка.  Отдел Сервиса 
33926,Essity Маладший инженер Контроль и улучшение технологического процесса производства бумаги; Обслуживание и ревизия оборудования; Проведение тренингов и составление инструкций для операторов.  ИТР 
33926,"Binder+Co Intern Поиск потенциальных клиентов компании Binder+Co, перерабатывающих флуоресцентные минералы в России  Marketing dept. "
30831,"ООО Аванта Премиум администратор магазина создание и реализация проекта - Курс молодого бойца (цель - знакомство сотрудников с услугами собственных автосервисов, сотрудниками а/с, улучшение внутренней коммуникации, мотивация сотрудников продавать данные услуги, получение от сотрудников обратной связи по оказываемым услугам, в проекте реализован сайт с прохождением теста, самостоятельно начато изучение MS Powerpoint и создание презентации данного проекта ), обучение сотрудников(введение в должность - продавец-консультант: работа с каталогами, обучение техникам продаж, работа с возражениями)  розница "
32599,"ЦСТиСК Москомспорта Методист-исследователь - разрабатывала программу психологической диагностики в рамках проекта по детскому тестированию при спортивном отборе; - вела семинары по повышению квалификации в области психологии развития у специалистов проекта; - занималась сбором и обработкой полученных в ходе проекта данных. Среди достижений можно отметить, во-первых, повышение уровня знаний сотрудников центра в области детской психологии, что помогло улучшить качество их взаимодействия с клиентами. Во-вторых, была создана оптимальная батарея психодиагностических инструментов для оценки психологических характеристик ребенка, необходимых для того или иного вида спорта.  Разработки спортивного тестирования Спортивная индустрия"
32599,"CICED Стажер-исследователь - анализировала полученные в ходе исследований данные; - подготавливала отчеты по результатам; анализировала литературу по теме математической компетентности у детей разных возрастов; - составляла заявки на научные гранты и конференции. По результатам международного исследования, в котором я принимала участие, нам удалось разработать рекомендации для педагогов и управляющих лиц по разработке стратегии повышения математической компетентности у детей младшего школьного возраста.  Исследовательский "
32599,"Частная практика Репетитор по психологии - готовлю абитуриентов к олимпиадам по психологии, - выстраиваю программы обучения по различным направлениям психологии (психология развития, общая психология, качественные и количественные методы исследования в психологии) Среди моих студентов - победительница олимпиады для абитуриентов магистратуры от НИУ ВШЭ.  - "
32599,НИУ ВШЭ Учебный ассистент - помогала преподавателям организовывать учебный процесс; - способствовала лучшей адаптации студентов первого курса к университетской среде; проверяла студенческие работы; - была посредником в процессе общения между преподавателями и студентами.  Департамент психологии 
32569,Ампарус Тур младший бухгалтер   Финансы Туризм и ресторанный бизнес
6276,"ОК РУСАЛ Менеджер Подготовил отчет по развитию ОК РУСАЛ: - проанализировал операционные и финансовые показатели компании с 2007 года, основные события компании с 2000 года; Разработал новый способ подачи глинозема в электролит;  Департамент стратегических задач "
6276,ОК РУСАЛ Руководитель проекта   Департамент стратегических задач 
6276,"Корпорация ""Проект-техника"" Инженер-конструктор 2 категории Спроектировал и запустил в производство основные узлы кузова-контейнера для эксплуатации в условиях низких температур: - Входные двери, которые обеспечивали сохранение тепла; - Металлоконструкции и систему отвода выхлопных газов для расположения агрегатов системы жизнеобеспечения; Спроектировал запустил в производство систему водоснабжения для жилого кузова-контейнера;  Инженерный центр Другое"
6276,ГБПОУ 1-Й Московский образовательный комплекс Преподаватель Инженерный дизайн CAD Адаптировал и внедрил для старшеклассников (14-17 лет) методику преподавания вузовской дисциплины;   
6276,"Центр прототипирования при 1-ом МОК Инженер Участвовал в подготовке открытия центра прототипирования: - разработал план размещения оборудования (3D-принтеры, фрезерные и токарные станки, лазерные резаки и т.д.); - составил смету и подготовил документацию для объявления тендера на закупку оборудования;   Другое"
6276,"филиал ФГУП ""ЦЭНКИ"" - Конструкторское бюро ""Мотор"" Инженер-конструктор 3 категории Разработал и внедрил в производство систему амортизации для подземных объектов по заказу министерства обороны РФ; Разработал и внедрил в производство пневматический узел стенда динамических испытаний;  Конструкторский Другое"
31379,"Алтайский краевой ветеринарный центр Экономист-бухгалтер   Отдел бухгалтерского учета, статистики и экономического анализа Здравоохранение"
30689,ОАО «Филип Моррис Кубань» Стажер (2-й этап программы InKompass) Предложила мероприятия по сокращению административной нагрузки бригадиров в сигаретном цехе и тимлидеров в табачном цехе  Производство (табачный цех) Автомобилестроение
30689,НИУ ВШЭ Стажер-исследователь Собрала базу данных показателей эффективности российских компаний  Международная лаборатория экономики нематериальных активов 
30689,"ПАО ""ВымпелКом"" Стажер   Департамент бизнес-анализа и планирования продаж (B2B) "
30689,"ОАО «Филип Моррис Кубань» Стажер (1-й этап программы InKompass) Создала модель оценки эффективности услуг, предоставляемых подрядным организациями на производстве  Производство (сигаретный цех) Табачная и алкогольная промышленность"
30596,"Луховицкий авиационный завод им. П.А. Воронина – ФИЛИАЛ АО «РСК «МиГ» Инженер • Проект: «Внедрение инновационного продукта (порошок) для борьбы с окалиной на поверхности металла» o Управление проектом: разработан план/график проекта, сформирован бюджет, оформлена необходимая документация o Проведен анализ рынка; выбран материал; проведены комиссионные пробы Результаты: o Средство внедрено в производство o Сэкономлено время на последующей межоперационной обработке, а также достигнута экономическая эффективность за счет снижения количества операций • Проект: «Усовершенствование процесса изготовления детали для топливной системы самолета» o Управление проектом: разработан план/график проекта, сформирован бюджет, оформлена необходимая документация o Описан и проанализирован процесс изготовления детали; идентифицированы проблемы и причины их возникновения; предложены варианты по устранению обозначенных проблем на всех этапах производства Результаты: o Принято решение об изготовлении приспособления для термофиксации на одном из этапов производства o Сокращение потерь, сокращение времени на изготовление детали и последующей доработки, снижение брака • Проект: «Проектирование приспособления для термофиксации тормозного вала» o Управление проектом: разработан план/график проекта, сформирован бюджет, оформлена необходимая документация o Спроектировано приспособление; подобран материал для изготовления; проведены комиссионные пробы Результаты: o Достигнуто безбраковое изготовление детали  Отдел Главного металлурга "
2343,Coca-Cola HBC Россия Trainee   Indirect Procurement 
29964,Hyatt Regency Tashkent Guest Service Officer   Front Office Туризм и ресторанный бизнес
29387,МГИМО МИД России Специалист по учебно-методической работе   Факультет управления и политики 
29138,ФГБУ Росреестр Челябинской области Инженер 2 категории    Другое
29038,"Музыкальная школа ""Sunday Rock"" Администратор по выходным    "
29038,FreeLine Оператор call-центра    
29038,Мегастрой Помощник руководителя    
29038,"Агентство недвижимости ""Есть решение"" Помощник руководителя    "
3942,"Signet Financial Management Trainee in financial analysis В рамках учебной практики для Signet FM был выполнен проект, заключающийся в исследовании и моделировании стратегии Tax Loss Harvesting на американском фондовом рынке  Investment Management "
28645,Пик Инструктор    Другое
27382,Компания Интерпроект Генеральный директор   Управления Другое
27382,"ИНТЕРПРОЕКТГРУПП Менеджер по развитию компании Реализовала крупный проект, который повысил показатели рентабельности компании на 8%.  Отдел оптимизации бизнес-процессов Другое"
1823,Changellenge >> CEO и основатель Создал компанию и вывел ее в лидеры на рынке работы с молодежью и созданию бренда работодателя в России и топ-10 в мире; Создал европейскую ассоциацию по развитию бренда работодателя EAEBA   
1823,Kearney     
1823,Microsoft Intern   Corporate Solutions 
26769,ТерраГИС Помощник руководителя   Молодёжный инновационный центр Другое
26558,Русские просторы Операционный менеджер Организовал прием для корпоративных туристов из Франции и Аргентины.  Въездной туризм Туризм и ресторанный бизнес
26558,Place des arts Преподаватель музыки Научил играть на гитаре более 25 учеников.  Преподавание Другое
26558,Vysotsky Estate Агент-консультант Провел консультацию частному клиенту по покупке объекта жилой недвижимости на сумму свыше шести миллионов рублей.  Жилой вторичной недвижимости 
26558,Национальная Медиа-Группа Промо-продюсер Разрабатывал программы внедрения контекстной и нативной рекламы для программ и телеканалов холдинга.  Отдел рекламы и маркетинга 
26558,Care Group Sales-manager Предлагал медицинскую продукцию клиентам из США и Канады.  Реклама и Маркетинг 
26659,Эрнст энд Янг Стажер   Аудит финансового сектора 
1553,Changellenge >> SPM   PM 
1,CL     Автомобилестроение
21030,Крок Инк секретарь-референт Участие в фокус-группе разработки внутреннего приложения компании по разработке системы учета корреспонденции; Победа в корпоративном ежегодном творческом конкурсе.  Административный отдел 
21030,Спецмагнит стажер Проведенный анализ российского и китайского рынка магнитов и в результате организована действующая маркетинговая компания по продвижению нового товара завода.  Отдел Новых технологий 
21030,Molga Consalting Стажер    
21030,НИТУ МИСиС Оператор приемной комиссии Из-за эффективной работы получила возможность стать единственным сотрудником работающим удаленно по гибкому графику - выполнила самый высокий процент приема поступающих в 2017 году.  Приемная комиссия 
21591,"Межрегиональный гуманитарно-политический цент ""Стратегия"" Стажёр   Исследовательский Общественные организации"
2306,"ООО""Кронос"" Промоутер Существенно повысил количество входящих заявок в фирму, так как использовал метод теплого отношения к человеку, которому давал флаер( за что мне доплачивали сверхнормы).  - "
2306,"""Studance"" Продавец билетов на вечеринки 1.) Стал лучшим продавцом билетов для 6 вечеринок.  - "
2306,"""РМ"" ИП Мутигуллин Р.М. Разнорабочий Был бригадиров в бригаде разнорабочих.  - Сельское хозяйство"
20471,"ООО ""Лаш Раша"" Продавец-консультант Лучшие продажи за месяц в коллективе  Продажи Другое"
18679,Русфинансбанк Кредитный специалист    
18679,СТЭК Программист-стажер 1С   внедрения 
17715,"ООО ""НТУ""     "
17715,ГБОУ Школа 949     
17715,ГБОУ Школа 323     
17715,МГОУ     
17715,МПГУ     Другое
17388,КарТрансСервис Логист по международным перевозкам   Логистика 
16978,ДМО     Общественные организации
15837,Центральная исполнительный комитет партии «Единая Россия» Стажёр   Проектный отдел Общественные организации
9098,Instamart Ассистент HR   HR Другое
3108,Финансовый университет консультант   Центр правовой поддержки 
8429,РАНХИГС помощник заместителя начальника управления   управление образовательной политики по приему иностранных граждан 
9243,"Министерство экономического развития Российской Федерации Практикант • Работал с данными документов стратегического планирования в федеральном государственном реестре документов стратегического планирования, подготавливал соответствующие аналитические справки • Подготавливал проекты ответов на обращения участников стратегического планирования в адрес Минэкономразвития России  Департамент стратегического развития и инноваций "
9243,Московский государственный институт международных отношений Министерства иностранных дел Российской Федерации Практикант • Работал с документами по практике студентов Университета в Автоматизированной Системе Учета Практик • Подготавливал проекты ответов на обращения сотрудников отделов кадров различных организаций и сотрудников других отделов и управлений  Управление по работе со студентами и выпускниками 
9243,"Министерство Обороны РФ Практикант • Отрабатывал умения оперативно находить информацию по заявленным темам на интернет-ресурсах, выполнять зрительно-письменный перевод с английского и испанского языков • Вел информационно-аналитическую работу с иностранным текстом, оформлять отчётно-информационные документы  Департамент информации и массовых коммуникаций Военная служба"
8695,-     Автомобилестроение
6621,"АО ""Энергомера"" Менеджер по претензионной работе Основные достижения: -Повысила выполнение работ по гарантийному ремонту в срок 87% (ноябрь 2018 года) до 94% (средний показатель в течении года) -Перевела более 65% подрядных организаций на работу по ЭДО -Участвовала в команде по автоматизации рабочего процесса связанного с получением и обработкой заявок по проекту гарантийного ремонта телекоммуникационного монтажного оборудования -Создала алгоритм документооборота с подрядными организациями по оплате за выполненные работы -Привлекла в компанию 3 новые подрядные организации - Являлась заместителем руководителя отдела в период отпусков и командировок  Отдел сопровождения электротехнического оборудования "
6483,"Фортренд Отгрузки, управление    "
1142,"Филиал ФГУП ВГТРК (телеканалы — «Россия 1», «Россия 24»; радиостанции — «Радио России», «Маяк», «Вести FM») ГТРК «Липецк» Стажёр По итогам стажировки получены диплом и премия, одна из новостей опубликована на сайте LRnews.   Кинопроизводство, теле- радиовещание"
1142,"АО ""Домостроительный комбинат"" младший аналитик   Финансовое управление "
1142,Государственная дума Федерального собрания РФ Практикант Практика и дальнейшая её защита оценена на А98.  Комитет по финансовому рынку 
2532,"Торговая сеть ""Верный"" Стажер   Дирекция ИТ "
5682,Институт космических исследований РАН Старший лаборант   Физики планет и малых тел Солнечной системы Другое
5289,"Райффайзенбанк Руководитель группы обучения и развития Лучший сотрудник 2017 года по итогам собранной ОС от сотрудников по обучению и развитию, реализованным проектам- вручён айфон Х  Обучение и развитие сотрудников "
3436,Samara State University of Economics  Intern in in the Russian-Indian international internship ITIP in the direction “Development of Tripaggregator's strategy for entering the international online tourism market with IT solutions” • conducted a SWOT-analysis of the online tourism market in Russia • found favorable countries for doing business abroad • assessed the company in terms of the possibility of entering the international services market   Туризм и ресторанный бизнес
3436,"Линде Инжиниринг Рус  • full support of civil contracts • carrying out accounting operations • analyzing and solving problems associated with the work of foreign workers (exchange rate differences, tax residency, etc.) • holding meetings with foreign workers on remuneration issues • resolving controversial issues in the field of tax legislation • conducting banking operations, unloading payment documents (Citibank) • payment and checking the timeliness of payment of the company's invoices  Финансовый отдел "
1743,ВУИТ Инженер по ИБ   Лаборатория по ИБ 
933,"Администрация МО ""Родниковский мениципальный район"" Специалист ввела практику, ускорившую регистрацию документов администрации и формирования дел  Организационный "
1490,"Вимм-Билль-Данн Старший торговый агент - Формирование заказа в торговой точке исходя из анализа остатков продукции и в соответствии с контрактной матрицей. - Обеспечение постоянного наличия и достаточного товарного запаса продукции в ТТ. - Отслеживание корректности ценников. - Увеличение полочного пространства. - Контроль размещения POS-материалов - Соблюдение стандартов мерчендайзинга в торговых точках. Выполнение целей и задач по мерчендайзингу. - Контроль выкладки продукции в торговых точках. - Обеспечение соблюдения контрактных условий в торговых точках: соблюдение доли полочного пространства, установка дополнительных мест продаж, установка холодильного оборудования, соответствие планограмме. - Предоставление форм отчетов по списаниям в торговых точках.  Sales "
1490,"Пивоваренная компания «Балтика», часть Carlsberg Group"" Младший специалист по маркетингу торговых каналов Выиграла почти все призы во внутренних конкурсах компании и о моей волонтерской деятельности написали статью. - Работа с системой Reporting Plan: - Заведение акций со всеми плановыми показателями; - Корректировка и заливка фактической адресной программы; - Корректировка бюджетов; - Закрытие акций; - Подведение итогов по маркетинговым активностям в канале разливного пива (DIOT, HRC, ВВ): - Выгрузка отчетов по вторичным продажам; - Отправка результатов службе продаж; - Работа с ТПП: - Выписка накладных и подготовка документов на списание ТПП по всем каналам Дивизиона; - Ведение еженедельной отчётности по ТМ активностям; - Участие в подготовке презентаций по результатам проводимых активаций; - Ведение программы ценового контрактования субканала DIOT TT: - Выгрузка отчетности; - Расчет компенсаций и подведение итогов; - Ведение полного документооборота по акциям с призами в канале HRC и BB; - Участие в подготовке презентаций по результатам проводимых активаций; - Информационная поддержка отдела маркетинга и Sales (поддержание облачного ресурса Microsoft Teams); - Оказание помощи в организации корпоративных мероприятий; - Организация документооборота; - Замена СМТК и специалиста по ТПП на период отпуска/больничного.  Маркетинг торговых каналов "
1490,"Nestle Ассистент Департамента детского питания (стажировка) - Организация командировок для сотрудников департамента, а также других отделов компании: бронирование гостиниц, авиа и жд билетов, подбор оптимальных маршрутов согласно политики Компании. - Контроль создания авансовых отчетов после командировок и занесение в SAP. - Организация процесса сбора информации и документов с прямых подчиненных руководителя в установленные сроки. - Консолидация, структурирование и анализ данных в необходимые отчеты. Создание отчетности согласно запросам Команды. - Систематизация, обработка и анализ информации, поступившей в Департамент. - Ведение внутреннего документооборота отдела, Компании. - Введение и обработка первичной документации. - Организация и обеспечение документооборота с поставщиками продукции и услуг (договора, счета, акты сдачи-приемки, счета-фактуры). Архивирование всех перечисленных документов. - Заказ и координация отгрузок товара. - Помощь сотрудникам команды, отделу Sales, тендерному отделу. - Подготовка презентаций для митингов, бизнес-встреч. Сбор, анализ показателей выполнения KPI. - Организация митингов, бизнес-встреч Департамента. Взаимодействие с другими отделами Компании, агентствами по подбору услуг для проведения мероприятия. Сбор отчетной закрывающей документации после проведения мероприятия. - Встреча посетителей; организация встреч, взаимодействие с внешними поставщиками услуг. - Снабжение офиса всеми необходимыми инструментами и материалами для ведения бизнеса.  Медицинский "
1276,МегаФон Стажер   Стратегия CVM 
1226,"АО «Газпромнефть-ОНПЗ» Специалист по контролю инвестиционной деятельности • контролировала капитальные вложения предприятия, рассчитывая лимиты финансирования и проводя платежи в SAP ERP 6.0. Вела реестр платежей и справочники СПП-элементов. • формировала и дорабатывала управленческую отчетность на основании бух. учета по финансированию, освоению и вводу капитальных вложений, проводила ее ежеквартальную сверку с данными МСФО. Написала методики составления данных отчетов; • формировала и актуализировала среднесрочную инвестиционную программу и оперативный план, а также рассчитывала комплексный показатель их выполнения (РИП); • готовила презентационные материалы для руководства и рассчитывала выполнение показателей премирования инвестиционных подразделений. Готовила отчеты для МинЭнерго.  Отдел анализа инвестиций "
1226,"ООО «КРЦ «ЭФКО-Каскад» Маркетолог стран СНГ • планировала мероприятия по поддержке продаж, контролировала и анализировала факт реализации рекламной активности, отвечала за обеспеченность поставок POS-материалами; • анализировала рынки, изучала конкурентную среду. Разработала и внедрила форму анализа таможенных данных по объему экспорта продукции РФ в страны СНГ; • отвечала за аналитические презентации по выполнению планов, анализ и расчет маржинальности и окупаемости продаж, готовила материалы к квартальным конференциям Брендового дивизиона; • планировала и проводила прямые оплаты по маркетинговым договорам в 1С; • администрировала проект ЭТТ в Армении и участвовала в его запуске, а также в запуске проекта ELT в Азербайджане и Молдове.  Служба продаж и маркетинга СНГ "
1226,"ООО «ОЛТРИ» Аналитик-маркетолог • анализирую рынок на основании GFK/Nielsen (сегментация рынка, анализ конкурентов, бренд-метрик) и создаю модели планирования продаж на год; • осуществляю регулярный прайс-мониторинг для принятия решений об изменении цен; • анализирую продажи брендов по каналам и ТОП-клиентам для рекомендаций отделам продаж и маркетинга и отчетности поставщикам; • разработала прогноз развития и потенциала вывода нового японского бренда на российский рынок.  Группа планирования и анализа "
361,МГЮА им.О.Е.Кутафина Студент    
80,Changellenge >>    Креативный Другое
